sample_id,word_index,token,start_sec,end_sec,method,bin
-3g5yACwYnA__13,0,They've,0.0,0.42,pocketsphinx_forced,1
-3g5yACwYnA__13,1,been,0.42,0.65,pocketsphinx_forced,4
-3g5yACwYnA__13,2,able,1.48,1.92,pocketsphinx_forced,15
-3g5yACwYnA__13,3,to,1.92,2.04,pocketsphinx_forced,17
-3g5yACwYnA__13,4,find,2.04,2.4,pocketsphinx_forced,20
-3g5yACwYnA__13,5,solutions,2.4,3.0,pocketsphinx_forced,24
-3g5yACwYnA__13,6,or,3.0,3.16,pocketsphinx_forced,27
-3g5yACwYnA__13,7,at,3.16,3.22,pocketsphinx_forced,28
-3g5yACwYnA__13,8,least,3.22,3.41,pocketsphinx_forced,30
-3g5yACwYnA__13,9,bring,3.41,3.75,pocketsphinx_forced,32
-3g5yACwYnA__13,10,some,3.75,4.03,pocketsphinx_forced,35
-3g5yACwYnA__13,11,answers,4.03,4.36,pocketsphinx_forced,38
-3g5yACwYnA__13,12,to,4.36,4.43,pocketsphinx_forced,39
-3g5yACwYnA__13,13,the,4.43,4.51,pocketsphinx_forced,40
-3g5yACwYnA__13,14,table,4.51,4.85,pocketsphinx_forced,42
-3g5yACwYnA__3,0,We're,0.51,1.16,pocketsphinx_forced,2
-3g5yACwYnA__3,1,a,1.16,1.35,pocketsphinx_forced,4
-3g5yACwYnA__3,2,huge,1.35,1.97,pocketsphinx_forced,5
-3g5yACwYnA__3,3,user,2.53,2.94,pocketsphinx_forced,9
-3g5yACwYnA__3,4,of,2.94,3.03,pocketsphinx_forced,10
-3g5yACwYnA__3,5,adhesives,3.03,3.65,pocketsphinx_forced,11
-3g5yACwYnA__3,6,for,4.07,4.49,pocketsphinx_forced,14
-3g5yACwYnA__3,7,our,4.49,4.69,pocketsphinx_forced,15
-3g5yACwYnA__3,8,operation,4.69,5.27,pocketsphinx_forced,17
-3g5yACwYnA__3,9,called,5.62,5.82,pocketsphinx_forced,19
-3g5yACwYnA__3,10,flocking,5.82,6.28,pocketsphinx_forced,21
-3g5yACwYnA__3,11,and,6.28,6.94,pocketsphinx_forced,22
-3g5yACwYnA__3,12,we,6.94,7.11,pocketsphinx_forced,24
-3g5yACwYnA__3,13,don't,7.11,7.25,pocketsphinx_forced,24
-3g5yACwYnA__3,14,have,7.25,7.35,pocketsphinx_forced,25
-3g5yACwYnA__3,15,the,7.35,7.44,pocketsphinx_forced,25
-3g5yACwYnA__3,16,technical,7.44,7.99,pocketsphinx_forced,26
-3g5yACwYnA__3,17,inside,7.99,8.28,pocketsphinx_forced,28
-3g5yACwYnA__3,18,compounding,8.28,8.77,pocketsphinx_forced,29
-3g5yACwYnA__3,19,or,8.77,9.02,pocketsphinx_forced,30
-3g5yACwYnA__3,20,the,9.02,9.42,pocketsphinx_forced,32
-3g5yACwYnA__3,21,technical,9.42,10.35,pocketsphinx_forced,34
-3g5yACwYnA__3,22,expertise,10.35,11.29,pocketsphinx_forced,37
-3g5yACwYnA__3,23,to,11.29,11.37,pocketsphinx_forced,39
-3g5yACwYnA__3,24,do,11.37,11.53,pocketsphinx_forced,39
-3g5yACwYnA__3,25,these,11.53,11.72,pocketsphinx_forced,40
-3g5yACwYnA__3,26,types,11.72,11.96,pocketsphinx_forced,41
-3g5yACwYnA__3,27,of,11.96,12.04,pocketsphinx_forced,41
-3g5yACwYnA__3,28,things,12.04,12.41,pocketsphinx_forced,42
-3g5yACwYnA__2,0,Key,0.35,0.54,pocketsphinx_forced,2
-3g5yACwYnA__2,1,Polymer,1.2,1.6,pocketsphinx_forced,7
-3g5yACwYnA__2,2,brings,2.0,2.34,pocketsphinx_forced,11
-3g5yACwYnA__2,3,a,2.34,2.73,pocketsphinx_forced,13
-3g5yACwYnA__2,4,technical,2.73,3.41,pocketsphinx_forced,16
-3g5yACwYnA__2,5,aspect,3.41,3.92,pocketsphinx_forced,19
-3g5yACwYnA__2,6,to,3.92,5.0,pocketsphinx_forced,23
-3g5yACwYnA__2,7,our,5.18,5.77,pocketsphinx_forced,29
-3g5yACwYnA__2,8,operation,5.77,6.48,pocketsphinx_forced,32
-3g5yACwYnA__2,9,that,6.48,6.63,pocketsphinx_forced,34
-3g5yACwYnA__2,10,we,6.63,6.77,pocketsphinx_forced,35
-3g5yACwYnA__2,11,don't,6.77,7.01,pocketsphinx_forced,36
-3g5yACwYnA__2,12,have,7.01,7.22,pocketsphinx_forced,37
-3g5yACwYnA__2,13,internally,7.22,7.67,pocketsphinx_forced,39
-3g5yACwYnA__9,0,We,0.48,0.9,pocketsphinx_forced,3
-3g5yACwYnA__9,1,have,0.9,1.07,pocketsphinx_forced,5
-3g5yACwYnA__9,2,many,1.07,1.45,pocketsphinx_forced,7
-3g5yACwYnA__9,3,new,1.62,1.87,pocketsphinx_forced,9
-3g5yACwYnA__9,4,opportunities,1.87,2.51,pocketsphinx_forced,12
-3g5yACwYnA__9,5,through,2.51,2.83,pocketsphinx_forced,15
-3g5yACwYnA__9,6,the,3.33,3.4,pocketsphinx_forced,19
-3g5yACwYnA__9,7,way,3.4,3.63,pocketsphinx_forced,19
-3g5yACwYnA__9,8,things,3.63,3.86,pocketsphinx_forced,21
-3g5yACwYnA__9,9,have,3.86,3.98,pocketsphinx_forced,22
-3g5yACwYnA__9,10,changed,3.98,4.29,pocketsphinx_forced,23
-3g5yACwYnA__9,11,through,4.29,4.43,pocketsphinx_forced,24
-3g5yACwYnA__9,12,the,4.43,4.55,pocketsphinx_forced,25
-3g5yACwYnA__9,13,years,4.55,4.99,pocketsphinx_forced,27
-3g5yACwYnA__9,14,looking,5.41,5.87,pocketsphinx_forced,31
-3g5yACwYnA__9,15,for,5.87,6.0,pocketsphinx_forced,33
-3g5yACwYnA__9,16,new,6.0,6.21,pocketsphinx_forced,34
-3g5yACwYnA__9,17,niche,6.21,6.58,pocketsphinx_forced,36
-3g5yACwYnA__9,18,high-end,6.58,7.05,pocketsphinx_forced,38
-3g5yACwYnA__9,19,value-added,7.05,7.05,oov_or_partial_interpolation,39
-3g5yACwYnA__9,20,products,7.05,7.64,pocketsphinx_forced,41
-3nNcZdcdvU__5,0,Noncompliance,0.48,1.59,pocketsphinx_forced,6
-3nNcZdcdvU__5,1,can,1.59,1.93,pocketsphinx_forced,11
-3nNcZdcdvU__5,2,result,1.93,2.64,pocketsphinx_forced,14
-3nNcZdcdvU__5,3,in,2.64,2.75,pocketsphinx_forced,17
-3nNcZdcdvU__5,4,legal,2.75,3.1,pocketsphinx_forced,18
-3nNcZdcdvU__5,5,liability,3.1,3.85,pocketsphinx_forced,22
-3nNcZdcdvU__5,6,to,3.85,4.13,pocketsphinx_forced,25
-3nNcZdcdvU__5,7,you,4.13,4.6,pocketsphinx_forced,27
-3nNcZdcdvU__5,8,and,5.03,5.27,pocketsphinx_forced,32
-3nNcZdcdvU__5,9,to,5.27,5.35,pocketsphinx_forced,33
-3nNcZdcdvU__5,10,the,5.35,5.44,pocketsphinx_forced,34
-3nNcZdcdvU__5,11,school,5.44,5.75,pocketsphinx_forced,35
-3nNcZdcdvU__5,12,district,5.75,6.15,pocketsphinx_forced,37
-3nNcZdcdvU__5,13,in,6.15,6.21,pocketsphinx_forced,39
-3nNcZdcdvU__5,14,which,6.21,6.48,pocketsphinx_forced,40
-3nNcZdcdvU__5,15,you,6.48,6.66,pocketsphinx_forced,41
-3nNcZdcdvU__5,16,are,6.66,6.72,pocketsphinx_forced,42
-3nNcZdcdvU__5,17,employed,6.72,7.24,pocketsphinx_forced,44
-HwX2H8Z4hY__2,0,President,0.4776,0.5572,vad_orthographic_fallback,6
-HwX2H8Z4hY__2,1,Ronald,1.2736,1.3532,vad_orthographic_fallback,16
-HwX2H8Z4hY__2,2,Reagan,1.9104,1.99,vad_orthographic_fallback,24
-HwX2H8Z4hY__2,3,Look,2.5472,2.6268,vad_orthographic_fallback,32
-HwX2H8Z4hY__2,4,at,2.8656,2.9452,vad_orthographic_fallback,36
-HwX2H8Z4hY__2,5,the,3.184,3.2636,vad_orthographic_fallback,40
-HwX2H8Z4hY__2,6,record,3.6616,3.7412,vad_orthographic_fallback,46
-HwX2H8Z4hY__5,0,President,0.0,1.3,pocketsphinx_forced,5
-HwX2H8Z4hY__5,1,Ronald,1.3,1.6,pocketsphinx_forced,12
-HwX2H8Z4hY__5,2,Reagan,1.6,2.13,pocketsphinx_forced,16
-HwX2H8Z4hY__5,3,blamed,2.13,2.58,pocketsphinx_forced,20
-HwX2H8Z4hY__5,4,the,2.58,2.7,pocketsphinx_forced,23
-HwX2H8Z4hY__5,5,professional,2.7,3.39,pocketsphinx_forced,26
-HwX2H8Z4hY__5,6,bureaucracy,3.39,4.25,pocketsphinx_forced,33
-HwX2H8Z4hY__5,7,of,4.25,4.4,pocketsphinx_forced,38
-HwX2H8Z4hY__5,8,education,4.4,5.1,pocketsphinx_forced,42
-HwX2H8Z4hY__6,0,And,0.51,0.65,pocketsphinx_forced,8
-HwX2H8Z4hY__6,1,in,0.65,0.78,pocketsphinx_forced,10
-HwX2H8Z4hY__6,2,part,0.78,1.45,pocketsphinx_forced,16
-HwX2H8Z4hY__6,3,Al,1.45,1.62,pocketsphinx_forced,22
-HwX2H8Z4hY__6,4,Shanker,1.62,2.18,pocketsphinx_forced,28
-HwX2H8Z4hY__6,5,did,2.18,2.45,pocketsphinx_forced,34
-HwX2H8Z4hY__6,6,too,2.45,3.26,pocketsphinx_forced,42
-HwX2H8Z4hY__9,0,It,0.49,0.63,pocketsphinx_forced,3
-HwX2H8Z4hY__9,1,is,0.63,0.76,pocketsphinx_forced,4
-HwX2H8Z4hY__9,2,a,0.76,0.83,pocketsphinx_forced,5
-HwX2H8Z4hY__9,3,word,0.83,1.39,pocketsphinx_forced,7
-HwX2H8Z4hY__9,4,which,1.39,1.64,pocketsphinx_forced,9
-HwX2H8Z4hY__9,5,the,1.64,1.74,pocketsphinx_forced,10
-HwX2H8Z4hY__9,6,administrator,1.74,2.49,pocketsphinx_forced,13
-HwX2H8Z4hY__9,7,uses,2.49,2.83,pocketsphinx_forced,17
-HwX2H8Z4hY__9,8,when,2.83,3.11,pocketsphinx_forced,19
-HwX2H8Z4hY__9,9,he,3.11,3.65,pocketsphinx_forced,21
-HwX2H8Z4hY__9,10,turns,3.65,4.3,pocketsphinx_forced,25
-HwX2H8Z4hY__9,11,around,4.3,5.13,pocketsphinx_forced,30
-HwX2H8Z4hY__9,12,anything,5.13,5.49,pocketsphinx_forced,34
-HwX2H8Z4hY__9,13,which,5.49,5.66,pocketsphinx_forced,36
-HwX2H8Z4hY__9,14,he,5.66,5.73,pocketsphinx_forced,36
-HwX2H8Z4hY__9,15,doesn't,5.73,6.02,pocketsphinx_forced,38
-HwX2H8Z4hY__9,16,like,6.02,6.2,pocketsphinx_forced,39
-HwX2H8Z4hY__9,17,that,6.2,6.43,pocketsphinx_forced,40
-HwX2H8Z4hY__9,18,the,6.43,6.58,pocketsphinx_forced,42
-HwX2H8Z4hY__9,19,teacher,6.58,6.76,pocketsphinx_forced,43
-HwX2H8Z4hY__9,20,is,6.76,6.87,pocketsphinx_forced,44
-HwX2H8Z4hY__9,21,doing,6.87,7.64,pocketsphinx_forced,46
-NFrJFQijFE__1,0,Structural,0.345,0.46,vad_orthographic_fallback,3
-NFrJFQijFE__1,1,mounts,0.92,1.035,vad_orthographic_fallback,8
-NFrJFQijFE__1,2,inside,1.38,1.495,vad_orthographic_fallback,12
-NFrJFQijFE__1,3,have,1.725,1.84,vad_orthographic_fallback,15
-NFrJFQijFE__1,4,to,1.955,2.07,vad_orthographic_fallback,17
-NFrJFQijFE__1,5,be,2.07,2.185,vad_orthographic_fallback,18
-NFrJFQijFE__1,6,properly,2.415,2.53,vad_orthographic_fallback,21
-NFrJFQijFE__1,7,stress,2.99,3.105,vad_orthographic_fallback,26
-NFrJFQijFE__1,8,analyzed,3.45,3.565,vad_orthographic_fallback,30
-NFrJFQijFE__1,9,so,3.795,3.91,vad_orthographic_fallback,33
-NFrJFQijFE__1,10,we,4.025,4.14,vad_orthographic_fallback,35
-NFrJFQijFE__1,11,make,4.255,4.37,vad_orthographic_fallback,37
-NFrJFQijFE__1,12,sure,4.485,4.6,vad_orthographic_fallback,39
-NFrJFQijFE__1,13,all,4.715,4.83,vad_orthographic_fallback,41
-NFrJFQijFE__1,14,that,5.06,5.175,vad_orthographic_fallback,44
-NFrJFQijFE__1,15,happens,5.405,5.52,vad_orthographic_fallback,47
-NFrJFQijFE__2,0,So,0.0,0.1372,vad_orthographic_fallback,0
-NFrJFQijFE__2,1,we,0.1372,0.2744,vad_orthographic_fallback,1
-NFrJFQijFE__2,2,coordinate,0.686,0.8232,vad_orthographic_fallback,5
-NFrJFQijFE__2,3,with,1.2348,1.372,vad_orthographic_fallback,9
-NFrJFQijFE__2,4,all,1.5092,1.6464,vad_orthographic_fallback,11
-NFrJFQijFE__2,5,the,1.6464,1.7836,vad_orthographic_fallback,12
-NFrJFQijFE__2,6,proper,2.058,2.1952,vad_orthographic_fallback,15
-NFrJFQijFE__2,7,technical,2.6068,2.744,vad_orthographic_fallback,19
-NFrJFQijFE__2,8,fields,3.1556,3.2928,vad_orthographic_fallback,23
-NFrJFQijFE__2,9,to,3.5672,3.7044,vad_orthographic_fallback,26
-NFrJFQijFE__2,10,get,3.7044,3.8416,vad_orthographic_fallback,27
-NFrJFQijFE__2,11,ready,3.9788,4.116,vad_orthographic_fallback,29
-NFrJFQijFE__2,12,for,4.2532,4.3904,vad_orthographic_fallback,31
-NFrJFQijFE__2,13,the,4.5276,4.6648,vad_orthographic_fallback,33
-NFrJFQijFE__2,14,instrument,5.0764,5.2136,vad_orthographic_fallback,37
-NFrJFQijFE__2,15,to,5.488,5.6252,vad_orthographic_fallback,40
-NFrJFQijFE__2,16,arrive,6.174,6.3112,vad_orthographic_fallback,45
-NFrJFQijFE__2,17,here,6.4484,6.5856,vad_orthographic_fallback,47
-THoVjtIkeU__12,0,What,0.65,1.0,pocketsphinx_forced,2
-THoVjtIkeU__12,1,ever,1.7,1.95,pocketsphinx_forced,6
-THoVjtIkeU__12,2,we,1.95,2.09,pocketsphinx_forced,6
-THoVjtIkeU__12,3,turn,2.09,2.3,pocketsphinx_forced,7
-THoVjtIkeU__12,4,our,2.3,2.43,pocketsphinx_forced,7
-THoVjtIkeU__12,5,attention,2.43,2.88,pocketsphinx_forced,8
-THoVjtIkeU__12,6,to,2.88,3.21,pocketsphinx_forced,10
-THoVjtIkeU__12,7,is,3.21,3.33,pocketsphinx_forced,10
-THoVjtIkeU__12,8,what,3.33,3.49,pocketsphinx_forced,11
-THoVjtIkeU__12,9,grows,3.49,3.97,pocketsphinx_forced,12
-THoVjtIkeU__12,10,and,4.31,4.47,pocketsphinx_forced,14
-THoVjtIkeU__12,11,so,4.47,4.68,pocketsphinx_forced,15
-THoVjtIkeU__12,12,if,4.68,4.83,pocketsphinx_forced,15
-THoVjtIkeU__12,13,we,4.83,5.0,pocketsphinx_forced,16
-THoVjtIkeU__12,14,believe,5.0,5.63,pocketsphinx_forced,17
-THoVjtIkeU__12,15,that,5.63,5.8,pocketsphinx_forced,19
-THoVjtIkeU__12,16,anything,5.8,6.13,pocketsphinx_forced,20
-THoVjtIkeU__12,17,is,6.13,6.25,pocketsphinx_forced,20
-THoVjtIkeU__12,18,possible,6.25,6.73,pocketsphinx_forced,21
-THoVjtIkeU__12,19,if,6.73,6.85,pocketsphinx_forced,22
-THoVjtIkeU__12,20,we,6.85,7.17,pocketsphinx_forced,23
-THoVjtIkeU__12,21,believe,7.44,8.19,pocketsphinx_forced,26
-THoVjtIkeU__12,22,that,8.47,9.38,pocketsphinx_forced,29
-THoVjtIkeU__12,23,social,9.38,9.73,pocketsphinx_forced,32
-THoVjtIkeU__12,24,justice,9.73,10.13,pocketsphinx_forced,33
-THoVjtIkeU__12,25,can,10.13,10.39,pocketsphinx_forced,34
-THoVjtIkeU__12,26,be,10.39,10.5,pocketsphinx_forced,35
-THoVjtIkeU__12,27,achieved,10.5,10.98,pocketsphinx_forced,36
-THoVjtIkeU__12,28,and,10.98,11.07,pocketsphinx_forced,36
-THoVjtIkeU__12,29,if,11.07,11.16,pocketsphinx_forced,37
-THoVjtIkeU__12,30,we,11.16,11.26,pocketsphinx_forced,37
-THoVjtIkeU__12,31,believe,11.26,11.82,pocketsphinx_forced,38
-THoVjtIkeU__12,32,in,11.82,12.02,pocketsphinx_forced,39
-THoVjtIkeU__12,33,youth,12.02,12.47,pocketsphinx_forced,41
-THoVjtIkeU__12,34,they,13.02,13.22,pocketsphinx_forced,44
-THoVjtIkeU__12,35,will,13.22,13.31,pocketsphinx_forced,44
-THoVjtIkeU__12,36,believe,13.31,13.56,pocketsphinx_forced,45
-THoVjtIkeU__12,37,in,13.56,13.65,pocketsphinx_forced,45
-THoVjtIkeU__12,38,themselves,13.65,14.28,pocketsphinx_forced,46
-THoVjtIkeU__2,0,I,0.0,0.07,pocketsphinx_forced,0
-THoVjtIkeU__2,1,think,0.07,0.49,pocketsphinx_forced,3
-THoVjtIkeU__2,2,social,1.14,1.45,pocketsphinx_forced,15
-THoVjtIkeU__2,3,justice,1.45,1.81,pocketsphinx_forced,18
-THoVjtIkeU__2,4,is,1.81,1.93,pocketsphinx_forced,21
-THoVjtIkeU__2,5,extremely,1.93,2.35,pocketsphinx_forced,24
-THoVjtIkeU__2,6,important,2.35,2.81,pocketsphinx_forced,30
-THoVjtIkeU__2,7,for,2.81,3.01,pocketsphinx_forced,33
-THoVjtIkeU__2,8,young,3.01,3.26,pocketsphinx_forced,36
-THoVjtIkeU__2,9,people,3.26,3.7,pocketsphinx_forced,40
-THoVjtIkeU__6,0,You,0.39,0.57,pocketsphinx_forced,2
-THoVjtIkeU__6,1,know,0.57,0.68,pocketsphinx_forced,3
-THoVjtIkeU__6,2,that,0.68,0.77,pocketsphinx_forced,4
-THoVjtIkeU__6,3,I,0.77,0.82,pocketsphinx_forced,4
-THoVjtIkeU__6,4,think,0.82,1.36,pocketsphinx_forced,6
-THoVjtIkeU__6,5,listening,1.36,1.89,pocketsphinx_forced,10
-THoVjtIkeU__6,6,to,1.89,2.0,pocketsphinx_forced,12
-THoVjtIkeU__6,7,young,2.0,2.25,pocketsphinx_forced,13
-THoVjtIkeU__6,8,people,2.25,2.62,pocketsphinx_forced,15
-THoVjtIkeU__6,9,taking,2.62,3.06,pocketsphinx_forced,17
-THoVjtIkeU__6,10,in,3.06,3.15,pocketsphinx_forced,19
-THoVjtIkeU__6,11,what,3.15,3.39,pocketsphinx_forced,20
-THoVjtIkeU__6,12,they,3.39,3.51,pocketsphinx_forced,21
-THoVjtIkeU__6,13,have,3.51,3.73,pocketsphinx_forced,22
-THoVjtIkeU__6,14,to,3.73,3.84,pocketsphinx_forced,23
-THoVjtIkeU__6,15,say,3.84,4.17,pocketsphinx_forced,24
-THoVjtIkeU__6,16,because,4.17,4.49,pocketsphinx_forced,26
-THoVjtIkeU__6,17,what,4.79,4.98,pocketsphinx_forced,30
-THoVjtIkeU__6,18,we,4.98,5.11,pocketsphinx_forced,31
-THoVjtIkeU__6,19,have,5.11,5.2,pocketsphinx_forced,31
-THoVjtIkeU__6,20,seen,5.2,5.47,pocketsphinx_forced,32
-THoVjtIkeU__6,21,all,5.47,5.71,pocketsphinx_forced,34
-THoVjtIkeU__6,22,around,5.71,5.93,pocketsphinx_forced,35
-THoVjtIkeU__6,23,the,5.93,6.0,pocketsphinx_forced,36
-THoVjtIkeU__6,24,world,6.0,6.45,pocketsphinx_forced,38
-THoVjtIkeU__6,25,is,6.45,6.58,pocketsphinx_forced,40
-THoVjtIkeU__6,26,the,6.58,6.64,pocketsphinx_forced,40
-THoVjtIkeU__6,27,power,6.64,7.07,pocketsphinx_forced,42
-THoVjtIkeU__6,28,of,7.07,7.18,pocketsphinx_forced,43
-THoVjtIkeU__6,29,youth,7.18,7.58,pocketsphinx_forced,45
-UuX1xuaiiE__1,0,And,0.45,0.6,pocketsphinx_forced,2
-UuX1xuaiiE__1,1,all,0.6,0.82,pocketsphinx_forced,3
-UuX1xuaiiE__1,2,of,0.82,0.9,pocketsphinx_forced,4
-UuX1xuaiiE__1,3,them,0.9,1.09,pocketsphinx_forced,4
-UuX1xuaiiE__1,4,are,1.09,1.28,pocketsphinx_forced,5
-UuX1xuaiiE__1,5,really,1.28,1.65,pocketsphinx_forced,7
-UuX1xuaiiE__1,6,being,1.65,1.89,pocketsphinx_forced,8
-UuX1xuaiiE__1,7,able,1.89,2.73,pocketsphinx_forced,11
-UuX1xuaiiE__1,8,to,2.73,2.88,pocketsphinx_forced,13
-UuX1xuaiiE__1,9,explore,2.88,3.66,pocketsphinx_forced,15
-UuX1xuaiiE__1,10,these,4.03,4.28,pocketsphinx_forced,20
-UuX1xuaiiE__1,11,different,4.43,4.83,pocketsphinx_forced,22
-UuX1xuaiiE__1,12,areas,4.83,5.44,pocketsphinx_forced,24
-UuX1xuaiiE__1,13,in,5.44,5.98,pocketsphinx_forced,27
-UuX1xuaiiE__1,14,depth,5.98,6.53,pocketsphinx_forced,30
-UuX1xuaiiE__1,15,in,6.53,6.62,pocketsphinx_forced,31
-UuX1xuaiiE__1,16,a,6.62,6.68,pocketsphinx_forced,32
-UuX1xuaiiE__1,17,way,6.68,6.98,pocketsphinx_forced,32
-UuX1xuaiiE__1,18,that,6.98,7.3,pocketsphinx_forced,34
-UuX1xuaiiE__1,19,really,7.3,7.49,pocketsphinx_forced,35
-UuX1xuaiiE__1,20,wasn't,7.49,7.82,pocketsphinx_forced,36
-UuX1xuaiiE__1,21,available,7.82,8.3,pocketsphinx_forced,38
-UuX1xuaiiE__1,22,before,8.3,8.68,pocketsphinx_forced,41
-UuX1xuaiiE__1,23,the,8.68,8.77,pocketsphinx_forced,42
-UuX1xuaiiE__1,24,center,8.77,9.18,pocketsphinx_forced,43
-UuX1xuaiiE__1,25,was,9.18,9.35,pocketsphinx_forced,44
-UuX1xuaiiE__1,26,here,9.35,9.75,pocketsphinx_forced,46
-UuX1xuaiiE__0,0,it's,0.0,0.23,pocketsphinx_forced,1
-UuX1xuaiiE__0,1,amazing,0.23,0.79,pocketsphinx_forced,7
-UuX1xuaiiE__0,2,to,0.79,0.95,pocketsphinx_forced,11
-UuX1xuaiiE__0,3,see,0.95,1.29,pocketsphinx_forced,15
-UuX1xuaiiE__0,4,their,1.29,1.5,pocketsphinx_forced,19
-UuX1xuaiiE__0,5,enthusiasm,1.5,2.27,pocketsphinx_forced,25
-UuX1xuaiiE__0,6,and,2.27,2.38,pocketsphinx_forced,32
-UuX1xuaiiE__0,7,their,2.38,2.51,pocketsphinx_forced,33
-UuX1xuaiiE__0,8,passion,2.51,3.12,pocketsphinx_forced,38
-UuX1xuaiiE__3,0,My,0.16,0.64,pocketsphinx_forced,4
-UuX1xuaiiE__3,1,goal,0.64,1.03,pocketsphinx_forced,10
-UuX1xuaiiE__3,2,is,1.03,1.37,pocketsphinx_forced,14
-UuX1xuaiiE__3,3,to,1.37,1.65,pocketsphinx_forced,18
-UuX1xuaiiE__3,4,become,1.65,2.33,pocketsphinx_forced,24
-UuX1xuaiiE__3,5,a,2.58,2.64,pocketsphinx_forced,31
-UuX1xuaiiE__3,6,human,2.64,2.92,pocketsphinx_forced,33
-UuX1xuaiiE__3,7,rights,2.92,3.21,pocketsphinx_forced,37
-UuX1xuaiiE__3,8,lawyer,3.21,3.65,pocketsphinx_forced,41
-UuX1xuaiiE__6,0,I,0.54,0.63,pocketsphinx_forced,3
-UuX1xuaiiE__6,1,ended,0.63,0.79,pocketsphinx_forced,4
-UuX1xuaiiE__6,2,up,0.79,0.88,pocketsphinx_forced,5
-UuX1xuaiiE__6,3,going,0.88,1.12,pocketsphinx_forced,6
-UuX1xuaiiE__6,4,to,1.12,1.2,pocketsphinx_forced,7
-UuX1xuaiiE__6,5,work,1.2,1.61,pocketsphinx_forced,8
-UuX1xuaiiE__6,6,for,1.61,1.8,pocketsphinx_forced,10
-UuX1xuaiiE__6,7,the,1.8,1.9,pocketsphinx_forced,11
-UuX1xuaiiE__6,8,US,1.9,2.21,pocketsphinx_forced,12
-UuX1xuaiiE__6,9,government,2.21,2.77,pocketsphinx_forced,15
-UuX1xuaiiE__6,10,as,2.77,2.97,pocketsphinx_forced,17
-UuX1xuaiiE__6,11,an,2.97,3.04,pocketsphinx_forced,18
-UuX1xuaiiE__6,12,intelligence,3.04,3.52,pocketsphinx_forced,20
-UuX1xuaiiE__6,13,analyst,3.52,4.1,pocketsphinx_forced,23
-UuX1xuaiiE__6,14,specializing,4.83,5.67,pocketsphinx_forced,32
-UuX1xuaiiE__6,15,in,5.67,5.89,pocketsphinx_forced,35
-UuX1xuaiiE__6,16,war,5.89,6.06,pocketsphinx_forced,36
-UuX1xuaiiE__6,17,crimes,6.06,6.4,pocketsphinx_forced,38
-UuX1xuaiiE__6,18,and,6.4,6.51,pocketsphinx_forced,39
-UuX1xuaiiE__6,19,human,6.51,6.67,pocketsphinx_forced,40
-UuX1xuaiiE__6,20,rights,6.67,6.92,pocketsphinx_forced,41
-UuX1xuaiiE__6,21,issues,6.92,7.43,pocketsphinx_forced,44
-a55Q6RWvTA__3,0,And,0.5,0.93,pocketsphinx_forced,1
-a55Q6RWvTA__3,1,if,0.93,1.14,pocketsphinx_forced,2
-a55Q6RWvTA__3,2,you,1.14,1.36,pocketsphinx_forced,2
-a55Q6RWvTA__3,3,clip,1.36,1.68,pocketsphinx_forced,3
-a55Q6RWvTA__3,4,coupons,1.68,2.63,pocketsphinx_forced,4
-a55Q6RWvTA__3,5,if,2.63,2.8,pocketsphinx_forced,6
-a55Q6RWvTA__3,6,you,2.8,2.98,pocketsphinx_forced,6
-a55Q6RWvTA__3,7,don't,2.98,3.27,pocketsphinx_forced,7
-a55Q6RWvTA__3,8,go,3.27,3.48,pocketsphinx_forced,7
-a55Q6RWvTA__3,9,out,3.48,3.68,pocketsphinx_forced,8
-a55Q6RWvTA__3,10,for,3.68,3.84,pocketsphinx_forced,8
-a55Q6RWvTA__3,11,dinner,3.84,4.42,pocketsphinx_forced,9
-a55Q6RWvTA__3,12,and,4.42,4.56,pocketsphinx_forced,10
-a55Q6RWvTA__3,13,movies,4.56,5.22,pocketsphinx_forced,11
-a55Q6RWvTA__3,14,and,5.22,5.35,pocketsphinx_forced,11
-a55Q6RWvTA__3,15,things,5.35,5.6,pocketsphinx_forced,12
-a55Q6RWvTA__3,16,of,5.6,5.66,pocketsphinx_forced,12
-a55Q6RWvTA__3,17,that,5.66,5.81,pocketsphinx_forced,12
-a55Q6RWvTA__3,18,nature,5.81,6.42,pocketsphinx_forced,13
-a55Q6RWvTA__3,19,and,6.84,7.1,pocketsphinx_forced,15
-a55Q6RWvTA__3,20,try,7.1,7.32,pocketsphinx_forced,16
-a55Q6RWvTA__3,21,to,7.32,7.42,pocketsphinx_forced,16
-a55Q6RWvTA__3,22,take,7.42,7.67,pocketsphinx_forced,17
-a55Q6RWvTA__3,23,up,7.67,7.82,pocketsphinx_forced,17
-a55Q6RWvTA__3,24,things,7.82,8.31,pocketsphinx_forced,18
-a55Q6RWvTA__3,25,in,8.31,8.39,pocketsphinx_forced,18
-a55Q6RWvTA__3,26,life,8.39,8.8,pocketsphinx_forced,19
-a55Q6RWvTA__3,27,that,8.8,9.02,pocketsphinx_forced,20
-a55Q6RWvTA__3,28,well,9.02,9.37,pocketsphinx_forced,20
-a55Q6RWvTA__3,29,they,9.37,9.6,pocketsphinx_forced,21
-a55Q6RWvTA__3,30,always,9.6,9.88,pocketsphinx_forced,21
-a55Q6RWvTA__3,31,say,9.88,10.19,pocketsphinx_forced,22
-a55Q6RWvTA__3,32,the,10.19,10.27,pocketsphinx_forced,23
-a55Q6RWvTA__3,33,best,10.27,10.57,pocketsphinx_forced,23
-a55Q6RWvTA__3,34,things,10.57,10.81,pocketsphinx_forced,24
-a55Q6RWvTA__3,35,in,10.81,10.88,pocketsphinx_forced,24
-a55Q6RWvTA__3,36,life,10.88,11.22,pocketsphinx_forced,24
-a55Q6RWvTA__3,37,are,11.22,11.3,pocketsphinx_forced,25
-a55Q6RWvTA__3,38,free,11.3,11.83,pocketsphinx_forced,26
-a55Q6RWvTA__3,39,Reading,12.38,12.72,pocketsphinx_forced,28
-a55Q6RWvTA__3,40,a,12.72,12.78,pocketsphinx_forced,28
-a55Q6RWvTA__3,41,book,12.78,13.34,pocketsphinx_forced,29
-a55Q6RWvTA__3,42,going,14.22,14.61,pocketsphinx_forced,32
-a55Q6RWvTA__3,43,for,14.61,14.78,pocketsphinx_forced,33
-a55Q6RWvTA__3,44,a,14.78,14.81,pocketsphinx_forced,33
-a55Q6RWvTA__3,45,nice,14.81,15.09,pocketsphinx_forced,33
-a55Q6RWvTA__3,46,walk,15.09,15.52,pocketsphinx_forced,34
-a55Q6RWvTA__3,47,and,15.52,15.61,pocketsphinx_forced,35
-a55Q6RWvTA__3,48,of,15.61,15.67,pocketsphinx_forced,35
-a55Q6RWvTA__3,49,course,15.67,15.91,pocketsphinx_forced,35
-a55Q6RWvTA__3,50,combining,15.91,16.54,pocketsphinx_forced,36
-a55Q6RWvTA__3,51,exercise,16.54,17.23,pocketsphinx_forced,38
-a55Q6RWvTA__3,52,and,17.23,17.32,pocketsphinx_forced,38
-a55Q6RWvTA__3,53,various,17.32,17.67,pocketsphinx_forced,39
-a55Q6RWvTA__3,54,things,17.67,17.88,pocketsphinx_forced,40
-a55Q6RWvTA__3,55,of,17.88,17.94,pocketsphinx_forced,40
-a55Q6RWvTA__3,56,that,17.94,18.12,pocketsphinx_forced,40
-a55Q6RWvTA__3,57,nature,18.12,18.6,pocketsphinx_forced,41
-a55Q6RWvTA__3,58,where,18.6,19.07,pocketsphinx_forced,42
-a55Q6RWvTA__3,59,you're,19.07,19.16,pocketsphinx_forced,43
-a55Q6RWvTA__3,60,not,19.16,19.42,pocketsphinx_forced,43
-a55Q6RWvTA__3,61,spending,19.42,20.14,pocketsphinx_forced,44
-a55Q6RWvTA__3,62,money,20.14,20.78,pocketsphinx_forced,46
-a55Q6RWvTA__3,63,per,20.78,21.16,pocketsphinx_forced,47
-a55Q6RWvTA__3,64,se,21.16,21.59,pocketsphinx_forced,48
-aNfi7CP8vM__7,0,Maybe,0.51,0.75,pocketsphinx_forced,3
-aNfi7CP8vM__7,1,they,0.75,0.89,pocketsphinx_forced,4
-aNfi7CP8vM__7,2,have,0.89,1.32,pocketsphinx_forced,6
-aNfi7CP8vM__7,3,no,1.32,1.57,pocketsphinx_forced,8
-aNfi7CP8vM__7,4,political,2.09,2.62,pocketsphinx_forced,13
-aNfi7CP8vM__7,5,party,2.62,3.01,pocketsphinx_forced,16
-aNfi7CP8vM__7,6,affiliation,3.01,4.04,pocketsphinx_forced,20
-aNfi7CP8vM__7,7,they're,4.04,4.42,pocketsphinx_forced,24
-aNfi7CP8vM__7,8,not,4.42,4.71,pocketsphinx_forced,26
-aNfi7CP8vM__7,9,interested,4.71,5.19,pocketsphinx_forced,28
-aNfi7CP8vM__7,10,in,5.19,5.29,pocketsphinx_forced,30
-aNfi7CP8vM__7,11,politics,5.29,5.98,pocketsphinx_forced,32
-aNfi7CP8vM__7,12,they,5.98,6.12,pocketsphinx_forced,34
-aNfi7CP8vM__7,13,could,6.12,6.26,pocketsphinx_forced,35
-aNfi7CP8vM__7,14,care,6.26,6.48,pocketsphinx_forced,36
-aNfi7CP8vM__7,15,less,6.48,6.87,pocketsphinx_forced,38
-aNfi7CP8vM__7,16,about,6.87,7.16,pocketsphinx_forced,40
-aNfi7CP8vM__7,17,politics,7.16,8.0,pocketsphinx_forced,43
-aqamKhZ1Ec__0,0,In,2.53,2.77,pocketsphinx_forced,12
-aqamKhZ1Ec__0,1,2008,2.77,2.77,oov_or_partial_interpolation,12
-aqamKhZ1Ec__0,2,there,2.77,2.98,pocketsphinx_forced,13
-aqamKhZ1Ec__0,3,were,2.98,3.1,pocketsphinx_forced,13
-aqamKhZ1Ec__0,4,very,3.1,3.52,pocketsphinx_forced,15
-aqamKhZ1Ec__0,5,serious,3.52,4.11,pocketsphinx_forced,17
-aqamKhZ1Ec__0,6,tribal,4.11,4.51,pocketsphinx_forced,19
-aqamKhZ1Ec__0,7,warfare,4.51,5.27,pocketsphinx_forced,22
-aqamKhZ1Ec__0,8,in,5.86,5.93,pocketsphinx_forced,26
-aqamKhZ1Ec__0,9,Kenya,5.93,6.31,pocketsphinx_forced,27
-aqamKhZ1Ec__0,10,following,6.88,7.16,pocketsphinx_forced,31
-aqamKhZ1Ec__0,11,a,7.64,7.77,pocketsphinx_forced,35
-aqamKhZ1Ec__0,12,disputed,7.77,9.0,pocketsphinx_forced,38
-aqamKhZ1Ec__0,13,election,9.0,9.9,pocketsphinx_forced,43
-dxfTGcXJoc__1,0,For,0.46,0.61,pocketsphinx_forced,1
-dxfTGcXJoc__1,1,the,0.61,0.71,pocketsphinx_forced,2
-dxfTGcXJoc__1,2,10,0.71,0.71,oov_or_partial_interpolation,2
-dxfTGcXJoc__1,3,th,0.71,1.05,pocketsphinx_forced,2
-dxfTGcXJoc__1,4,straight,1.05,1.43,pocketsphinx_forced,3
-dxfTGcXJoc__1,5,year,1.43,1.84,pocketsphinx_forced,5
-dxfTGcXJoc__1,6,some,2.16,2.59,pocketsphinx_forced,7
-dxfTGcXJoc__1,7,of,2.59,2.71,pocketsphinx_forced,8
-dxfTGcXJoc__1,8,Kentucky’s,2.71,3.28,pocketsphinx_forced,9
-dxfTGcXJoc__1,9,best,3.28,3.84,pocketsphinx_forced,11
-dxfTGcXJoc__1,10,and,3.84,4.0,pocketsphinx_forced,12
-dxfTGcXJoc__1,11,most,4.0,4.38,pocketsphinx_forced,12
-dxfTGcXJoc__1,12,innovative,4.38,4.91,pocketsphinx_forced,14
-dxfTGcXJoc__1,13,biotech,4.91,5.52,pocketsphinx_forced,16
-dxfTGcXJoc__1,14,companies,5.52,6.04,pocketsphinx_forced,17
-dxfTGcXJoc__1,15,and,6.04,6.19,pocketsphinx_forced,18
-dxfTGcXJoc__1,16,technologies,6.19,7.01,pocketsphinx_forced,20
-dxfTGcXJoc__1,17,were,7.27,7.51,pocketsphinx_forced,22
-dxfTGcXJoc__1,18,on,7.51,7.79,pocketsphinx_forced,23
-dxfTGcXJoc__1,19,display,7.79,8.53,pocketsphinx_forced,25
-dxfTGcXJoc__1,20,at,8.53,8.76,pocketsphinx_forced,26
-dxfTGcXJoc__1,21,the,8.76,8.96,pocketsphinx_forced,27
-dxfTGcXJoc__1,22,annual,8.96,9.43,pocketsphinx_forced,28
-dxfTGcXJoc__1,23,BIO,9.43,10.15,pocketsphinx_forced,30
-dxfTGcXJoc__1,24,International,10.15,10.77,pocketsphinx_forced,32
-dxfTGcXJoc__1,25,Convention,10.77,11.31,pocketsphinx_forced,34
-dxfTGcXJoc__1,26,which,11.83,12.09,pocketsphinx_forced,37
-dxfTGcXJoc__1,27,I,12.09,12.51,pocketsphinx_forced,38
-dxfTGcXJoc__1,28,and,12.51,12.73,pocketsphinx_forced,39
-dxfTGcXJoc__1,29,other,12.73,12.97,pocketsphinx_forced,39
-dxfTGcXJoc__1,30,state,12.97,13.2,pocketsphinx_forced,40
-dxfTGcXJoc__1,31,officials,13.2,13.72,pocketsphinx_forced,41
-dxfTGcXJoc__1,32,attended,13.72,14.16,pocketsphinx_forced,43
-dxfTGcXJoc__1,33,this,14.16,14.35,pocketsphinx_forced,44
-dxfTGcXJoc__1,34,week,14.35,14.71,pocketsphinx_forced,44
-dxfTGcXJoc__1,35,in,14.71,14.92,pocketsphinx_forced,45
-dxfTGcXJoc__1,36,Chicago,14.92,15.52,pocketsphinx_forced,47
-dxfTGcXJoc__0,0,This,0.55,0.74,pocketsphinx_forced,1
-dxfTGcXJoc__0,1,is,0.74,0.84,pocketsphinx_forced,1
-dxfTGcXJoc__0,2,Governor,0.84,1.21,pocketsphinx_forced,2
-dxfTGcXJoc__0,3,Steve,1.21,1.71,pocketsphinx_forced,3
-dxfTGcXJoc__0,4,Beshear,1.71,2.54,oov_or_partial_interpolation,5
-dxfTGcXJoc__0,5,About,2.54,2.92,pocketsphinx_forced,6
-dxfTGcXJoc__0,6,Kentucky,2.92,3.44,pocketsphinx_forced,7
-dxfTGcXJoc__0,7,Our,4.36,4.55,pocketsphinx_forced,10
-dxfTGcXJoc__0,8,state,4.55,4.89,pocketsphinx_forced,11
-dxfTGcXJoc__0,9,is,4.89,5.07,pocketsphinx_forced,12
-dxfTGcXJoc__0,10,home,5.07,5.5,pocketsphinx_forced,12
-dxfTGcXJoc__0,11,to,5.5,5.61,pocketsphinx_forced,13
-dxfTGcXJoc__0,12,more,5.61,5.87,pocketsphinx_forced,13
-dxfTGcXJoc__0,13,than,5.87,6.12,pocketsphinx_forced,14
-dxfTGcXJoc__0,14,1,6.12,6.12,oov_or_partial_interpolation,14
-dxfTGcXJoc__0,15,500,6.12,6.12,oov_or_partial_interpolation,14
-dxfTGcXJoc__0,16,bioscience,6.12,6.74,pocketsphinx_forced,15
-dxfTGcXJoc__0,17,and,6.74,7.26,pocketsphinx_forced,17
-dxfTGcXJoc__0,18,lifescience,7.26,7.26,oov_or_partial_interpolation,17
-dxfTGcXJoc__0,19,companies,7.26,7.75,pocketsphinx_forced,18
-dxfTGcXJoc__0,20,and,7.75,8.33,pocketsphinx_forced,19
-dxfTGcXJoc__0,21,more,8.33,8.6,pocketsphinx_forced,20
-dxfTGcXJoc__0,22,than,8.6,8.96,pocketsphinx_forced,21
-dxfTGcXJoc__0,23,100,8.96,8.96,oov_or_partial_interpolation,21
-dxfTGcXJoc__0,24,000,8.96,8.96,oov_or_partial_interpolation,21
-dxfTGcXJoc__0,25,people,8.96,9.22,pocketsphinx_forced,22
-dxfTGcXJoc__0,26,who,9.22,9.5,pocketsphinx_forced,22
-dxfTGcXJoc__0,27,work,10.2,10.71,pocketsphinx_forced,25
-dxfTGcXJoc__0,28,for,10.71,11.03,pocketsphinx_forced,26
-dxfTGcXJoc__0,29,these,11.43,11.71,pocketsphinx_forced,28
-dxfTGcXJoc__0,30,firms,12.25,12.5,pocketsphinx_forced,30
-dxfTGcXJoc__0,31,in,12.5,12.59,pocketsphinx_forced,30
-dxfTGcXJoc__0,32,areas,12.59,12.8,pocketsphinx_forced,30
-dxfTGcXJoc__0,33,from,12.8,13.1,pocketsphinx_forced,31
-dxfTGcXJoc__0,34,nutrigenomics,13.1,13.91,oov_or_partial_interpolation,32
-dxfTGcXJoc__0,35,and,13.91,14.06,pocketsphinx_forced,34
-dxfTGcXJoc__0,36,pharmaceuticals,14.06,14.89,pocketsphinx_forced,35
-dxfTGcXJoc__0,37,to,14.89,15.12,pocketsphinx_forced,36
-dxfTGcXJoc__0,38,nanotechnology,15.12,16.17,pocketsphinx_forced,38
-dxfTGcXJoc__0,39,and,16.17,16.58,pocketsphinx_forced,39
-dxfTGcXJoc__0,40,medical,16.58,17.24,pocketsphinx_forced,41
-dxfTGcXJoc__0,41,devices,18.05,18.88,pocketsphinx_forced,45
-dxfTGcXJoc__2,0,An,0.51,0.64,pocketsphinx_forced,1
-dxfTGcXJoc__2,1,estimated,0.64,1.67,pocketsphinx_forced,3
-dxfTGcXJoc__2,2,20,1.67,1.67,oov_or_partial_interpolation,4
-dxfTGcXJoc__2,3,000,1.67,1.67,oov_or_partial_interpolation,4
-dxfTGcXJoc__2,4,biotech,1.67,2.17,pocketsphinx_forced,5
-dxfTGcXJoc__2,5,scientists,2.34,2.82,pocketsphinx_forced,7
-dxfTGcXJoc__2,6,executives,2.82,3.81,pocketsphinx_forced,9
-dxfTGcXJoc__2,7,and,3.81,4.34,pocketsphinx_forced,12
-dxfTGcXJoc__2,8,industry,4.34,4.98,pocketsphinx_forced,13
-dxfTGcXJoc__2,9,experts,4.98,5.69,pocketsphinx_forced,15
-dxfTGcXJoc__2,10,from,5.69,5.98,pocketsphinx_forced,17
-dxfTGcXJoc__2,11,more,6.51,6.76,pocketsphinx_forced,19
-dxfTGcXJoc__2,12,than,6.76,7.23,pocketsphinx_forced,20
-dxfTGcXJoc__2,13,50,7.23,7.23,oov_or_partial_interpolation,21
-dxfTGcXJoc__2,14,nations,7.23,7.85,pocketsphinx_forced,22
-dxfTGcXJoc__2,15,were,8.05,8.26,pocketsphinx_forced,24
-dxfTGcXJoc__2,16,at,8.26,8.51,pocketsphinx_forced,25
-dxfTGcXJoc__2,17,the,8.51,8.59,pocketsphinx_forced,25
-dxfTGcXJoc__2,18,BIO,8.59,8.99,pocketsphinx_forced,26
-dxfTGcXJoc__2,19,conference,8.99,9.57,pocketsphinx_forced,27
-dxfTGcXJoc__2,20,to,9.57,9.67,pocketsphinx_forced,28
-dxfTGcXJoc__2,21,learn,9.67,10.14,pocketsphinx_forced,29
-dxfTGcXJoc__2,22,about,10.14,10.43,pocketsphinx_forced,30
-dxfTGcXJoc__2,23,the,10.43,10.5,pocketsphinx_forced,31
-dxfTGcXJoc__2,24,latest,10.5,10.91,pocketsphinx_forced,32
-dxfTGcXJoc__2,25,scientific,10.91,11.47,pocketsphinx_forced,33
-dxfTGcXJoc__2,26,advances,11.47,12.18,pocketsphinx_forced,35
-dxfTGcXJoc__2,27,and,12.48,12.66,pocketsphinx_forced,37
-dxfTGcXJoc__2,28,to,12.66,12.74,pocketsphinx_forced,38
-dxfTGcXJoc__2,29,exchange,12.74,13.37,pocketsphinx_forced,39
-dxfTGcXJoc__2,30,ideas,13.37,14.01,pocketsphinx_forced,40
-dxfTGcXJoc__2,31,and,14.14,14.28,pocketsphinx_forced,42
-dxfTGcXJoc__2,32,establish,14.28,14.8,pocketsphinx_forced,43
-dxfTGcXJoc__2,33,business,14.8,15.2,pocketsphinx_forced,44
-dxfTGcXJoc__2,34,relationships,15.2,16.11,pocketsphinx_forced,46
-dxfTGcXJoc__6,0,Kentucky’s,0.39,0.92,pocketsphinx_forced,2
-dxfTGcXJoc__6,1,participation,0.92,1.84,pocketsphinx_forced,5
-dxfTGcXJoc__6,2,at,1.84,1.99,pocketsphinx_forced,7
-dxfTGcXJoc__6,3,the,1.99,2.2,pocketsphinx_forced,8
-dxfTGcXJoc__6,4,annual,2.2,2.65,pocketsphinx_forced,9
-dxfTGcXJoc__6,5,BIO,2.65,3.13,pocketsphinx_forced,11
-dxfTGcXJoc__6,6,International,3.13,3.73,pocketsphinx_forced,13
-dxfTGcXJoc__6,7,Convention,3.73,4.36,pocketsphinx_forced,15
-dxfTGcXJoc__6,8,is,4.72,5.0,pocketsphinx_forced,19
-dxfTGcXJoc__6,9,the,5.0,5.1,pocketsphinx_forced,19
-dxfTGcXJoc__6,10,primary,5.1,5.72,pocketsphinx_forced,21
-dxfTGcXJoc__6,11,means,5.72,6.22,pocketsphinx_forced,23
-dxfTGcXJoc__6,12,by,6.22,6.38,pocketsphinx_forced,24
-dxfTGcXJoc__6,13,which,6.38,6.83,pocketsphinx_forced,25
-dxfTGcXJoc__6,14,our,6.83,7.16,pocketsphinx_forced,27
-dxfTGcXJoc__6,15,high-tech,7.16,7.71,pocketsphinx_forced,29
-dxfTGcXJoc__6,16,companies,7.71,8.26,pocketsphinx_forced,31
-dxfTGcXJoc__6,17,and,8.26,8.37,pocketsphinx_forced,32
-dxfTGcXJoc__6,18,institutions,8.37,9.34,pocketsphinx_forced,34
-dxfTGcXJoc__6,19,can,9.34,9.54,pocketsphinx_forced,37
-dxfTGcXJoc__6,20,reach,9.54,9.89,pocketsphinx_forced,38
-dxfTGcXJoc__6,21,out,9.89,10.25,pocketsphinx_forced,39
-dxfTGcXJoc__6,22,to,10.25,10.35,pocketsphinx_forced,40
-dxfTGcXJoc__6,23,the,10.35,10.47,pocketsphinx_forced,40
-dxfTGcXJoc__6,24,global,10.47,10.94,pocketsphinx_forced,42
-dxfTGcXJoc__6,25,scientific,10.94,11.57,pocketsphinx_forced,44
-dxfTGcXJoc__6,26,community,11.57,12.1,pocketsphinx_forced,46
-egA8-b7-3M__26,0,We're,0.5,0.69,pocketsphinx_forced,4
-egA8-b7-3M__26,1,updating,0.69,1.12,pocketsphinx_forced,7
-egA8-b7-3M__26,2,it,1.12,1.33,pocketsphinx_forced,10
-egA8-b7-3M__26,3,all,1.33,1.56,pocketsphinx_forced,11
-egA8-b7-3M__26,4,the,1.56,1.64,pocketsphinx_forced,13
-egA8-b7-3M__26,5,time,1.64,2.07,pocketsphinx_forced,15
-egA8-b7-3M__26,6,and,2.43,2.61,pocketsphinx_forced,20
-egA8-b7-3M__26,7,looking,2.61,2.91,pocketsphinx_forced,22
-egA8-b7-3M__26,8,forward,2.91,3.31,pocketsphinx_forced,25
-egA8-b7-3M__26,9,to,3.31,3.45,pocketsphinx_forced,28
-egA8-b7-3M__26,10,your,3.45,3.68,pocketsphinx_forced,29
-egA8-b7-3M__26,11,comments,3.68,4.36,pocketsphinx_forced,33
-egA8-b7-3M__26,12,on,4.36,4.54,pocketsphinx_forced,36
-egA8-b7-3M__26,13,our,4.54,4.67,pocketsphinx_forced,38
-egA8-b7-3M__26,14,videos,4.67,5.36,pocketsphinx_forced,41
-egA8-b7-3M__17,0,As,0.49,0.79,pocketsphinx_forced,4
-egA8-b7-3M__17,1,you,0.79,0.89,pocketsphinx_forced,5
-egA8-b7-3M__17,2,have,0.89,1.11,pocketsphinx_forced,6
-egA8-b7-3M__17,3,more,1.11,1.36,pocketsphinx_forced,8
-egA8-b7-3M__17,4,experience,1.36,2.22,pocketsphinx_forced,12
-egA8-b7-3M__17,5,you,3.23,3.33,pocketsphinx_forced,22
-egA8-b7-3M__17,6,have,3.33,3.56,pocketsphinx_forced,23
-egA8-b7-3M__17,7,more,3.56,3.76,pocketsphinx_forced,25
-egA8-b7-3M__17,8,times,3.76,4.24,pocketsphinx_forced,27
-egA8-b7-3M__17,9,exhibiting,4.24,4.94,pocketsphinx_forced,31
-egA8-b7-3M__17,10,you,5.25,5.34,pocketsphinx_forced,36
-egA8-b7-3M__17,11,get,5.34,5.53,pocketsphinx_forced,37
-egA8-b7-3M__17,12,to,5.53,5.7,pocketsphinx_forced,38
-egA8-b7-3M__17,13,know,5.7,5.86,pocketsphinx_forced,39
-egA8-b7-3M__17,14,more,5.86,6.11,pocketsphinx_forced,41
-egA8-b7-3M__17,15,people,6.11,6.56,pocketsphinx_forced,43
-egA8-b7-3M__18,0,It,0.49,0.65,pocketsphinx_forced,3
-egA8-b7-3M__18,1,becomes,0.65,1.24,pocketsphinx_forced,5
-egA8-b7-3M__18,2,easier,1.24,1.93,pocketsphinx_forced,9
-egA8-b7-3M__18,3,at,1.93,2.1,pocketsphinx_forced,12
-egA8-b7-3M__18,4,each,2.1,2.36,pocketsphinx_forced,13
-egA8-b7-3M__18,5,one,2.36,2.58,pocketsphinx_forced,14
-egA8-b7-3M__18,6,of,2.58,2.69,pocketsphinx_forced,15
-egA8-b7-3M__18,7,these,2.69,2.91,pocketsphinx_forced,16
-egA8-b7-3M__18,8,conferences,2.91,3.67,pocketsphinx_forced,19
-egA8-b7-3M__18,9,to,4.07,4.19,pocketsphinx_forced,24
-egA8-b7-3M__18,10,connect,4.19,4.65,pocketsphinx_forced,26
-egA8-b7-3M__18,11,with,4.65,4.76,pocketsphinx_forced,28
-egA8-b7-3M__18,12,people,4.76,5.22,pocketsphinx_forced,29
-egA8-b7-3M__18,13,that,5.22,5.4,pocketsphinx_forced,31
-egA8-b7-3M__18,14,you've,5.4,5.62,pocketsphinx_forced,32
-egA8-b7-3M__18,15,met,5.62,5.89,pocketsphinx_forced,34
-egA8-b7-3M__18,16,or,6.35,6.52,pocketsphinx_forced,38
-egA8-b7-3M__18,17,that,6.52,6.69,pocketsphinx_forced,39
-egA8-b7-3M__18,18,you're,6.69,6.8,pocketsphinx_forced,40
-egA8-b7-3M__18,19,doing,6.8,7.11,pocketsphinx_forced,41
-egA8-b7-3M__18,20,business,7.11,7.68,pocketsphinx_forced,44
-egA8-b7-3M__18,21,with,7.68,8.39,oov_or_partial_interpolation,47
-egA8-b7-3M__16,0,Third,0.35,0.86,pocketsphinx_forced,5
-egA8-b7-3M__16,1,another,0.86,1.26,pocketsphinx_forced,9
-egA8-b7-3M__16,2,big,1.26,1.47,pocketsphinx_forced,12
-egA8-b7-3M__16,3,benefit,1.47,1.98,pocketsphinx_forced,15
-egA8-b7-3M__16,4,of,1.98,2.1,pocketsphinx_forced,18
-egA8-b7-3M__16,5,exhibiting,2.1,2.72,pocketsphinx_forced,21
-egA8-b7-3M__16,6,is,2.72,2.94,pocketsphinx_forced,25
-egA8-b7-3M__16,7,connecting,2.94,3.51,pocketsphinx_forced,29
-egA8-b7-3M__16,8,with,3.51,3.7,pocketsphinx_forced,32
-egA8-b7-3M__16,9,existing,3.7,4.3,pocketsphinx_forced,36
-egA8-b7-3M__16,10,clients,4.3,4.95,pocketsphinx_forced,41
-egA8-b7-3M__13,0,What,0.52,0.66,pocketsphinx_forced,7
-egA8-b7-3M__13,1,are,0.66,0.69,pocketsphinx_forced,8
-egA8-b7-3M__13,2,you,0.69,0.85,pocketsphinx_forced,9
-egA8-b7-3M__13,3,doing,0.85,1.15,pocketsphinx_forced,11
-egA8-b7-3M__13,4,that's,1.15,1.39,pocketsphinx_forced,15
-egA8-b7-3M__13,5,different,1.39,1.78,pocketsphinx_forced,18
-egA8-b7-3M__13,6,They,2.3,2.48,pocketsphinx_forced,28
-egA8-b7-3M__13,7,always,2.48,2.77,pocketsphinx_forced,31
-egA8-b7-3M__13,8,want,2.77,2.99,pocketsphinx_forced,34
-egA8-b7-3M__13,9,an,2.99,3.1,pocketsphinx_forced,36
-egA8-b7-3M__13,10,answer,3.1,3.54,pocketsphinx_forced,39
-egA8-b7-3M__1,0,I,0.0,0.35,pocketsphinx_forced,0
-egA8-b7-3M__1,1,started,1.21,1.68,pocketsphinx_forced,7
-egA8-b7-3M__1,2,a,1.68,1.72,pocketsphinx_forced,8
-egA8-b7-3M__1,3,successful,1.72,2.47,pocketsphinx_forced,10
-egA8-b7-3M__1,4,Legal,2.47,2.71,pocketsphinx_forced,12
-egA8-b7-3M__1,5,Nurse,2.71,2.99,pocketsphinx_forced,13
-egA8-b7-3M__1,6,Consulting,2.99,3.56,pocketsphinx_forced,15
-egA8-b7-3M__1,7,Business,3.56,4.07,pocketsphinx_forced,18
-egA8-b7-3M__1,8,in,4.49,4.69,pocketsphinx_forced,22
-egA8-b7-3M__1,9,1989,4.69,4.69,oov_or_partial_interpolation,22
-egA8-b7-3M__1,10,I,4.69,5.72,pocketsphinx_forced,25
-egA8-b7-3M__1,11,mentor,6.45,6.9,pocketsphinx_forced,32
-egA8-b7-3M__1,12,nurses,6.9,7.37,pocketsphinx_forced,34
-egA8-b7-3M__1,13,who,7.37,7.48,pocketsphinx_forced,36
-egA8-b7-3M__1,14,want,7.48,7.8,pocketsphinx_forced,37
-egA8-b7-3M__1,15,to,7.8,7.89,pocketsphinx_forced,38
-egA8-b7-3M__1,16,become,7.89,8.25,pocketsphinx_forced,39
-egA8-b7-3M__1,17,Legal,8.25,8.52,pocketsphinx_forced,40
-egA8-b7-3M__1,18,Nurse,8.52,8.81,pocketsphinx_forced,42
-egA8-b7-3M__1,19,Consultants,8.81,9.63,pocketsphinx_forced,44
-egA8-b7-3M__6,0,First,0.46,0.95,pocketsphinx_forced,5
-egA8-b7-3M__6,1,exhibiting,0.95,1.59,pocketsphinx_forced,10
-egA8-b7-3M__6,2,is,1.59,1.75,pocketsphinx_forced,13
-egA8-b7-3M__6,3,a,1.75,1.79,pocketsphinx_forced,14
-egA8-b7-3M__6,4,wonderful,1.79,2.42,pocketsphinx_forced,16
-egA8-b7-3M__6,5,opportunity,2.42,3.22,pocketsphinx_forced,22
-egA8-b7-3M__6,6,to,3.22,3.37,pocketsphinx_forced,26
-egA8-b7-3M__6,7,network,3.37,3.93,pocketsphinx_forced,29
-egA8-b7-3M__6,8,with,3.93,4.14,pocketsphinx_forced,32
-egA8-b7-3M__6,9,other,4.14,4.57,pocketsphinx_forced,34
-egA8-b7-3M__6,10,legal,4.57,4.92,pocketsphinx_forced,37
-egA8-b7-3M__6,11,vendors,4.92,5.56,pocketsphinx_forced,41
-egA8-b7-3M__9,0,Secondly,0.44,1.11,pocketsphinx_forced,7
-egA8-b7-3M__9,1,another,1.11,1.6,pocketsphinx_forced,13
-egA8-b7-3M__9,2,goal,1.6,1.91,pocketsphinx_forced,17
-egA8-b7-3M__9,3,of,1.91,2.03,pocketsphinx_forced,19
-egA8-b7-3M__9,4,exhibiting,2.03,2.63,pocketsphinx_forced,22
-egA8-b7-3M__9,5,is,2.63,2.89,pocketsphinx_forced,27
-egA8-b7-3M__9,6,building,2.89,3.29,pocketsphinx_forced,30
-egA8-b7-3M__9,7,your,3.29,3.42,pocketsphinx_forced,32
-egA8-b7-3M__9,8,company,3.42,3.97,pocketsphinx_forced,36
-egA8-b7-3M__9,9,image,3.97,4.45,pocketsphinx_forced,41
-egA8-b7-3M__20,0,Now,0.48,0.76,pocketsphinx_forced,4
-egA8-b7-3M__20,1,you've,0.76,0.92,pocketsphinx_forced,6
-egA8-b7-3M__20,2,got,0.92,1.14,pocketsphinx_forced,7
-egA8-b7-3M__20,3,a,1.14,1.2,pocketsphinx_forced,8
-egA8-b7-3M__20,4,face,1.2,1.64,pocketsphinx_forced,10
-egA8-b7-3M__20,5,that,1.64,1.76,pocketsphinx_forced,12
-egA8-b7-3M__20,6,you,1.76,1.89,pocketsphinx_forced,13
-egA8-b7-3M__20,7,can,1.89,2.08,pocketsphinx_forced,14
-egA8-b7-3M__20,8,connect,2.08,2.52,pocketsphinx_forced,17
-egA8-b7-3M__20,9,with,2.52,2.71,pocketsphinx_forced,19
-egA8-b7-3M__20,10,a,2.71,2.75,pocketsphinx_forced,20
-egA8-b7-3M__20,11,voice,2.75,3.41,pocketsphinx_forced,23
-egA8-b7-3M__20,12,and,3.88,4.07,pocketsphinx_forced,29
-egA8-b7-3M__20,13,that,4.07,4.25,pocketsphinx_forced,31
-egA8-b7-3M__20,14,makes,4.25,4.55,pocketsphinx_forced,33
-egA8-b7-3M__20,15,you,4.55,4.64,pocketsphinx_forced,34
-egA8-b7-3M__20,16,closer,4.64,5.17,pocketsphinx_forced,36
-egA8-b7-3M__20,17,to,5.17,5.3,pocketsphinx_forced,39
-egA8-b7-3M__20,18,that,5.3,5.59,pocketsphinx_forced,41
-egA8-b7-3M__20,19,client,5.59,5.94,pocketsphinx_forced,43
-iRBcNs9oI8__3,0,Well,0.91,1.09,pocketsphinx_forced,8
-iRBcNs9oI8__3,1,it,1.93,2.09,pocketsphinx_forced,17
-iRBcNs9oI8__3,2,is,2.09,2.33,pocketsphinx_forced,19
-iRBcNs9oI8__3,3,the,3.41,3.59,pocketsphinx_forced,31
-iRBcNs9oI8__3,4,secret,3.59,4.01,pocketsphinx_forced,33
-iRBcNs9oI8__3,5,of,4.01,4.29,pocketsphinx_forced,36
-iRBcNs9oI8__3,6,power,4.29,5.0289,oov_or_partial_interpolation,41
-iRBcNs9oI8__3,7,pose,5.0289,5.62,oov_or_partial_interpolation,47
-iRBcNs9oI8__7,0,Well,0.082,0.164,vad_orthographic_fallback,1
-iRBcNs9oI8__7,1,for,0.41,0.492,vad_orthographic_fallback,5
-iRBcNs9oI8__7,2,starters,1.64,1.722,vad_orthographic_fallback,20
-iRBcNs9oI8__7,3,let's,2.46,2.542,vad_orthographic_fallback,30
-iRBcNs9oI8__7,4,look,2.706,2.788,vad_orthographic_fallback,33
-iRBcNs9oI8__7,5,at,2.952,3.034,vad_orthographic_fallback,36
-iRBcNs9oI8__7,6,the,3.198,3.28,vad_orthographic_fallback,39
-iRBcNs9oI8__7,7,word,3.444,3.526,vad_orthographic_fallback,42
-iRBcNs9oI8__7,8,power,3.772,3.854,vad_orthographic_fallback,46
-iRBcNs9oI8__6,0,What,0.0,0.21,pocketsphinx_forced,1
-iRBcNs9oI8__6,1,is,0.21,0.4,pocketsphinx_forced,5
-iRBcNs9oI8__6,2,a,0.4,0.64,pocketsphinx_forced,8
-iRBcNs9oI8__6,3,power,0.64,0.77,pocketsphinx_forced,12
-iRBcNs9oI8__6,4,pose,0.77,2.9,oov_or_partial_interpolation,31
-iRBcNs9oI8__9,0,Power,0.1368,0.2052,vad_orthographic_fallback,2
-iRBcNs9oI8__9,1,is,1.2996,1.368,vad_orthographic_fallback,19
-iRBcNs9oI8__9,2,similar,1.6416,1.71,vad_orthographic_fallback,24
-iRBcNs9oI8__9,3,to,1.9836,2.052,vad_orthographic_fallback,29
-iRBcNs9oI8__9,4,strength,2.3256,2.394,vad_orthographic_fallback,34
-iRBcNs9oI8__8,0,I've,0.0,0.13,pocketsphinx_forced,0
-iRBcNs9oI8__8,1,drawn,0.13,0.29,pocketsphinx_forced,1
-iRBcNs9oI8__8,2,this,0.29,0.46,pocketsphinx_forced,2
-iRBcNs9oI8__8,3,man,0.46,0.71,pocketsphinx_forced,3
-iRBcNs9oI8__8,4,here,0.71,0.8,pocketsphinx_forced,4
-iRBcNs9oI8__8,5,and,0.8,1.4,pocketsphinx_forced,6
-iRBcNs9oI8__8,6,if,1.4,1.46,pocketsphinx_forced,8
-iRBcNs9oI8__8,7,you,1.46,1.64,pocketsphinx_forced,9
-iRBcNs9oI8__8,8,can,1.64,2.03,pocketsphinx_forced,11
-iRBcNs9oI8__8,9,tell,2.03,2.27,pocketsphinx_forced,13
-iRBcNs9oI8__8,10,he,2.27,2.33,pocketsphinx_forced,14
-iRBcNs9oI8__8,11,has,2.33,2.51,pocketsphinx_forced,14
-iRBcNs9oI8__8,12,a,2.51,2.58,pocketsphinx_forced,15
-iRBcNs9oI8__8,13,lot,2.58,2.79,pocketsphinx_forced,16
-iRBcNs9oI8__8,14,of,3.51,3.58,pocketsphinx_forced,21
-iRBcNs9oI8__8,15,big,3.97,4.07,pocketsphinx_forced,24
-iRBcNs9oI8__8,16,muscles,4.07,4.53,pocketsphinx_forced,26
-iRBcNs9oI8__8,17,he,4.53,4.68,pocketsphinx_forced,28
-iRBcNs9oI8__8,18,looks,4.68,5.07,pocketsphinx_forced,30
-iRBcNs9oI8__8,19,very,5.07,5.48,pocketsphinx_forced,32
-iRBcNs9oI8__8,20,strong,5.48,8.09,oov_or_partial_interpolation,41
-lzEya4AM_4__5,0,If,0.48,0.62,pocketsphinx_forced,3
-lzEya4AM_4__5,1,it,0.62,0.69,pocketsphinx_forced,4
-lzEya4AM_4__5,2,falls,0.69,1.03,pocketsphinx_forced,5
-lzEya4AM_4__5,3,into,1.03,1.22,pocketsphinx_forced,7
-lzEya4AM_4__5,4,oh,1.22,1.54,pocketsphinx_forced,8
-lzEya4AM_4__5,5,any,1.54,1.78,pocketsphinx_forced,10
-lzEya4AM_4__5,6,of,1.78,1.85,pocketsphinx_forced,11
-lzEya4AM_4__5,7,those,1.85,2.08,pocketsphinx_forced,12
-lzEya4AM_4__5,8,three,2.08,2.27,pocketsphinx_forced,14
-lzEya4AM_4__5,9,categories,2.27,3.0,pocketsphinx_forced,17
-lzEya4AM_4__5,10,inducing,3.57,4.31,pocketsphinx_forced,25
-lzEya4AM_4__5,11,nausea,4.99,5.46,pocketsphinx_forced,34
-lzEya4AM_4__5,12,and,5.46,5.56,pocketsphinx_forced,35
-lzEya4AM_4__5,13,vomiting,5.56,6.01,pocketsphinx_forced,37
-lzEya4AM_4__5,14,would,6.24,6.34,pocketsphinx_forced,40
-lzEya4AM_4__5,15,be,6.34,6.45,pocketsphinx_forced,41
-lzEya4AM_4__5,16,your,6.45,6.57,pocketsphinx_forced,42
-lzEya4AM_4__5,17,next,6.57,6.8,pocketsphinx_forced,43
-lzEya4AM_4__5,18,step,6.8,7.04,pocketsphinx_forced,45
-lzEya4AM_4__6,0,If,0.5,0.7,pocketsphinx_forced,2
-lzEya4AM_4__6,1,the,0.7,0.78,pocketsphinx_forced,2
-lzEya4AM_4__6,2,product,0.78,1.51,pocketsphinx_forced,3
-lzEya4AM_4__6,3,or,1.51,1.62,pocketsphinx_forced,5
-lzEya4AM_4__6,4,poison,1.62,2.15,pocketsphinx_forced,6
-lzEya4AM_4__6,5,is,2.15,2.23,pocketsphinx_forced,7
-lzEya4AM_4__6,6,some,2.23,2.43,pocketsphinx_forced,7
-lzEya4AM_4__6,7,type,2.43,2.68,pocketsphinx_forced,8
-lzEya4AM_4__6,8,of,2.68,2.79,pocketsphinx_forced,9
-lzEya4AM_4__6,9,petroleum,2.79,3.38,pocketsphinx_forced,10
-lzEya4AM_4__6,10,product,3.38,4.15,pocketsphinx_forced,12
-lzEya4AM_4__6,11,or,4.15,4.28,pocketsphinx_forced,14
-lzEya4AM_4__6,12,corrosive,4.28,4.8,pocketsphinx_forced,15
-lzEya4AM_4__6,13,product,4.8,5.31,pocketsphinx_forced,17
-lzEya4AM_4__6,14,you,5.77,5.91,pocketsphinx_forced,19
-lzEya4AM_4__6,15,would,5.91,6.05,pocketsphinx_forced,20
-lzEya4AM_4__6,16,not,6.05,6.4,pocketsphinx_forced,21
-lzEya4AM_4__6,17,attempt,6.4,6.9,pocketsphinx_forced,22
-lzEya4AM_4__6,18,to,7.14,7.28,pocketsphinx_forced,24
-lzEya4AM_4__6,19,induce,7.28,7.94,pocketsphinx_forced,25
-lzEya4AM_4__6,20,vomiting,7.94,8.52,pocketsphinx_forced,27
-lzEya4AM_4__6,21,and,8.52,8.68,pocketsphinx_forced,29
-lzEya4AM_4__6,22,nausea,8.68,9.11,pocketsphinx_forced,30
-lzEya4AM_4__6,23,as,9.5,9.56,pocketsphinx_forced,32
-lzEya4AM_4__6,24,as,9.56,9.84,pocketsphinx_forced,32
-lzEya4AM_4__6,25,the,9.84,9.91,pocketsphinx_forced,33
-lzEya4AM_4__6,26,product,9.91,10.33,pocketsphinx_forced,34
-lzEya4AM_4__6,27,burned,10.33,10.7,pocketsphinx_forced,35
-lzEya4AM_4__6,28,on,10.7,10.83,pocketsphinx_forced,36
-lzEya4AM_4__6,29,the,10.83,10.89,pocketsphinx_forced,36
-lzEya4AM_4__6,30,way,10.89,11.08,pocketsphinx_forced,37
-lzEya4AM_4__6,31,down,11.08,11.5,pocketsphinx_forced,38
-lzEya4AM_4__6,32,it,11.74,11.86,pocketsphinx_forced,39
-lzEya4AM_4__6,33,could,11.86,11.99,pocketsphinx_forced,40
-lzEya4AM_4__6,34,cause,11.99,12.32,pocketsphinx_forced,41
-lzEya4AM_4__6,35,damage,12.32,12.73,pocketsphinx_forced,42
-lzEya4AM_4__6,36,and,12.73,12.85,pocketsphinx_forced,43
-lzEya4AM_4__6,37,burning,12.85,13.38,pocketsphinx_forced,44
-lzEya4AM_4__6,38,on,13.38,13.53,pocketsphinx_forced,45
-lzEya4AM_4__6,39,the,13.53,13.59,pocketsphinx_forced,45
-lzEya4AM_4__6,40,way,13.59,13.76,pocketsphinx_forced,46
-lzEya4AM_4__6,41,back,13.76,14.01,pocketsphinx_forced,46
-lzEya4AM_4__6,42,up,14.01,14.2,pocketsphinx_forced,47
-mJ2ud6oKI8__1,0,There,0.244,0.366,vad_orthographic_fallback,2
-mJ2ud6oKI8__1,1,are,0.732,0.854,vad_orthographic_fallback,6
-mJ2ud6oKI8__1,2,a,0.976,1.098,vad_orthographic_fallback,8
-mJ2ud6oKI8__1,3,dozen,1.342,1.464,vad_orthographic_fallback,11
-mJ2ud6oKI8__1,4,or,1.83,1.952,vad_orthographic_fallback,15
-mJ2ud6oKI8__1,5,more,2.196,2.318,vad_orthographic_fallback,18
-mJ2ud6oKI8__1,6,hands,2.806,2.928,vad_orthographic_fallback,23
-mJ2ud6oKI8__1,7,on,3.294,3.416,vad_orthographic_fallback,27
-mJ2ud6oKI8__1,8,techniques,4.026,4.148,vad_orthographic_fallback,33
-mJ2ud6oKI8__1,9,that,4.88,5.002,vad_orthographic_fallback,40
-mJ2ud6oKI8__1,10,we,5.246,5.368,vad_orthographic_fallback,43
-mJ2ud6oKI8__1,11,can,5.612,5.734,vad_orthographic_fallback,46
-mJ2ud6oKI8__1,12,do,5.856,5.978,vad_orthographic_fallback,48
-mJ2ud6oKI8__2,0,So,0.0,0.1146,vad_orthographic_fallback,0
-mJ2ud6oKI8__2,1,physical,0.3438,0.4584,vad_orthographic_fallback,3
-mJ2ud6oKI8__2,2,therapists,1.0314,1.146,vad_orthographic_fallback,9
-mJ2ud6oKI8__2,3,and,1.6044,1.719,vad_orthographic_fallback,14
-mJ2ud6oKI8__2,4,chiropractors,2.1774,2.292,vad_orthographic_fallback,19
-mJ2ud6oKI8__2,5,will,2.865,2.9796,vad_orthographic_fallback,25
-mJ2ud6oKI8__2,6,do,2.9796,3.0942,vad_orthographic_fallback,26
-mJ2ud6oKI8__2,7,joint,3.3234,3.438,vad_orthographic_fallback,29
-mJ2ud6oKI8__2,8,manipulations,4.011,4.1256,vad_orthographic_fallback,35
-mJ2ud6oKI8__2,9,and,4.584,4.6986,vad_orthographic_fallback,40
-mJ2ud6oKI8__2,10,mobilizations,5.157,5.2716,vad_orthographic_fallback,45
-mJ2ud6oKI8__6,0,They,0.0,0.15,pocketsphinx_forced,1
-mJ2ud6oKI8__6,1,are,0.31,0.45,pocketsphinx_forced,8
-mJ2ud6oKI8__6,2,all,0.45,0.9,pocketsphinx_forced,14
-mJ2ud6oKI8__6,3,very,1.75,2.23,pocketsphinx_forced,44
-mJ2ud6oKI8__6,4,safe,2.23,2.26,oov_or_partial_interpolation,49
-mJ2ud6oKI8__9,0,It's,0.0,0.1406,vad_orthographic_fallback,0
-mJ2ud6oKI8__9,1,safe,0.2812,0.4218,vad_orthographic_fallback,2
-mJ2ud6oKI8__9,2,and,0.5624,0.703,vad_orthographic_fallback,4
-mJ2ud6oKI8__9,3,the,0.703,0.8436,vad_orthographic_fallback,5
-mJ2ud6oKI8__9,4,person,0.9842,1.1248,vad_orthographic_fallback,7
-mJ2ud6oKI8__9,5,will,1.406,1.5466,vad_orthographic_fallback,10
-mJ2ud6oKI8__9,6,feel,1.6872,1.8278,vad_orthographic_fallback,12
-mJ2ud6oKI8__9,7,better,1.9684,2.109,vad_orthographic_fallback,14
-mJ2ud6oKI8__9,8,later,2.3902,2.5308,vad_orthographic_fallback,17
-mJ2ud6oKI8__9,9,on,2.6714,2.812,vad_orthographic_fallback,19
-mJ2ud6oKI8__9,10,but,2.9526,3.0932,vad_orthographic_fallback,21
-mJ2ud6oKI8__9,11,it's,3.0932,3.2338,vad_orthographic_fallback,22
-mJ2ud6oKI8__9,12,sort,3.3744,3.515,vad_orthographic_fallback,24
-mJ2ud6oKI8__9,13,of,3.515,3.6556,vad_orthographic_fallback,25
-mJ2ud6oKI8__9,14,like,3.7962,3.9368,vad_orthographic_fallback,27
-mJ2ud6oKI8__9,15,flossing,4.218,4.3586,vad_orthographic_fallback,30
-mJ2ud6oKI8__9,16,your,5.0616,5.2022,vad_orthographic_fallback,36
-mJ2ud6oKI8__9,17,teeth,5.3428,5.4834,vad_orthographic_fallback,38
-mJ2ud6oKI8__9,18,for,6.0458,6.1864,vad_orthographic_fallback,43
-mJ2ud6oKI8__9,19,the,6.1864,6.327,vad_orthographic_fallback,44
-mJ2ud6oKI8__9,20,first,6.4676,6.6082,vad_orthographic_fallback,46
-mJ2ud6oKI8__9,21,time,6.8894,7.03,vad_orthographic_fallback,49
-mJ2ud6oKI8__8,0,Sometimes,1.0056,1.0894,vad_orthographic_fallback,12
-mJ2ud6oKI8__8,1,we,1.257,1.3408,vad_orthographic_fallback,15
-mJ2ud6oKI8__8,2,have,1.4246,1.5084,vad_orthographic_fallback,17
-mJ2ud6oKI8__8,3,to,1.5922,1.676,vad_orthographic_fallback,19
-mJ2ud6oKI8__8,4,stretch,1.8436,1.9274,vad_orthographic_fallback,22
-mJ2ud6oKI8__8,5,that,2.1788,2.2626,vad_orthographic_fallback,26
-mJ2ud6oKI8__8,6,joint,2.5978,2.6816,vad_orthographic_fallback,31
-mJ2ud6oKI8__8,7,that,2.933,3.0168,vad_orthographic_fallback,35
-mJ2ud6oKI8__8,8,is,3.1006,3.1844,vad_orthographic_fallback,37
-mJ2ud6oKI8__8,9,already,3.352,3.4358,vad_orthographic_fallback,40
-mJ2ud6oKI8__8,10,irritated,3.771,3.8548,vad_orthographic_fallback,45
-mqbVkbCndg__0,0,How,0.0,0.79,pocketsphinx_forced,3
-mqbVkbCndg__0,1,at,0.79,0.93,pocketsphinx_forced,6
-mqbVkbCndg__0,2,a,0.93,0.98,pocketsphinx_forced,7
-mqbVkbCndg__0,3,particular,0.98,1.54,pocketsphinx_forced,9
-mqbVkbCndg__0,4,moment,1.54,2.05,pocketsphinx_forced,13
-mqbVkbCndg__0,5,in,2.05,2.17,pocketsphinx_forced,16
-mqbVkbCndg__0,6,time,2.17,2.58,pocketsphinx_forced,18
-mqbVkbCndg__0,7,our,2.58,2.64,pocketsphinx_forced,20
-mqbVkbCndg__0,8,moment,2.64,3.46,pocketsphinx_forced,23
-mqbVkbCndg__0,9,in,3.46,3.58,pocketsphinx_forced,27
-mqbVkbCndg__0,10,time,3.58,3.99,pocketsphinx_forced,29
-mqbVkbCndg__0,11,are,4.45,4.62,pocketsphinx_forced,35
-mqbVkbCndg__0,12,they,4.62,4.99,pocketsphinx_forced,37
-mqbVkbCndg__0,13,limited,5.33,5.92,pocketsphinx_forced,43
-t217m2on-s__2,0,But,0.48,1.29,pocketsphinx_forced,7
-t217m2on-s__2,1,a,1.29,1.38,pocketsphinx_forced,11
-t217m2on-s__2,2,good,1.38,1.59,pocketsphinx_forced,13
-t217m2on-s__2,3,thing,1.59,1.73,pocketsphinx_forced,14
-t217m2on-s__2,4,to,1.73,1.82,pocketsphinx_forced,15
-t217m2on-s__2,5,do,1.82,1.93,pocketsphinx_forced,16
-t217m2on-s__2,6,is,1.93,2.08,pocketsphinx_forced,17
-t217m2on-s__2,7,yawning,2.08,2.61,pocketsphinx_forced,20
-t217m2on-s__2,8,chewing,3.5,3.97,pocketsphinx_forced,32
-t217m2on-s__2,9,gum,3.97,4.29,pocketsphinx_forced,36
-t217m2on-s__2,10,is,4.29,4.42,pocketsphinx_forced,38
-t217m2on-s__2,11,effective,4.42,5.05,pocketsphinx_forced,41
-t217m2on-s__7,0,If,0.52,0.63,pocketsphinx_forced,1
-t217m2on-s__7,1,you,0.63,0.72,pocketsphinx_forced,1
-t217m2on-s__7,2,find,0.72,1.13,pocketsphinx_forced,2
-t217m2on-s__7,3,that,1.13,1.37,pocketsphinx_forced,3
-t217m2on-s__7,4,your,1.37,1.56,pocketsphinx_forced,4
-t217m2on-s__7,5,ears,1.56,2.3,pocketsphinx_forced,5
-t217m2on-s__7,6,consistently,2.67,3.4,pocketsphinx_forced,8
-t217m2on-s__7,7,do,3.4,3.46,pocketsphinx_forced,9
-t217m2on-s__7,8,this,3.46,3.68,pocketsphinx_forced,10
-t217m2on-s__7,9,and,3.68,4.86,pocketsphinx_forced,12
-t217m2on-s__7,10,you,4.86,4.97,pocketsphinx_forced,14
-t217m2on-s__7,11,can't,4.97,5.43,pocketsphinx_forced,15
-t217m2on-s__7,12,pop,5.43,5.87,pocketsphinx_forced,16
-t217m2on-s__7,13,them,5.87,6.03,pocketsphinx_forced,17
-t217m2on-s__7,14,often,6.03,6.51,pocketsphinx_forced,18
-t217m2on-s__7,15,you'll,6.94,7.03,pocketsphinx_forced,20
-t217m2on-s__7,16,definitely,7.03,7.73,pocketsphinx_forced,21
-t217m2on-s__7,17,need,7.73,7.92,pocketsphinx_forced,22
-t217m2on-s__7,18,to,7.92,7.98,pocketsphinx_forced,23
-t217m2on-s__7,19,see,7.98,8.2,pocketsphinx_forced,23
-t217m2on-s__7,20,a,8.2,8.24,pocketsphinx_forced,23
-t217m2on-s__7,21,physician,8.24,8.96,pocketsphinx_forced,25
-t217m2on-s__7,22,regarding,9.47,9.95,pocketsphinx_forced,28
-t217m2on-s__7,23,those,9.95,10.17,pocketsphinx_forced,29
-t217m2on-s__7,24,things,10.17,10.82,pocketsphinx_forced,30
-t217m2on-s__7,25,it,10.82,10.97,pocketsphinx_forced,31
-t217m2on-s__7,26,could,10.97,11.19,pocketsphinx_forced,32
-t217m2on-s__7,27,be,11.19,11.31,pocketsphinx_forced,32
-t217m2on-s__7,28,something,11.31,11.71,pocketsphinx_forced,33
-t217m2on-s__7,29,more,11.71,11.98,pocketsphinx_forced,34
-t217m2on-s__7,30,of,11.98,12.04,pocketsphinx_forced,34
-t217m2on-s__7,31,a,12.04,12.1,pocketsphinx_forced,35
-t217m2on-s__7,32,nasal,12.1,12.54,pocketsphinx_forced,35
-t217m2on-s__7,33,infection,12.54,13.15,pocketsphinx_forced,37
-t217m2on-s__7,34,or,13.15,13.43,pocketsphinx_forced,38
-t217m2on-s__7,35,a,13.43,13.47,pocketsphinx_forced,39
-t217m2on-s__7,36,sinus,13.47,13.97,pocketsphinx_forced,39
-t217m2on-s__7,37,infection,13.97,14.68,pocketsphinx_forced,41
-t217m2on-s__7,38,that,14.68,15.31,pocketsphinx_forced,43
-t217m2on-s__7,39,he,15.31,15.49,pocketsphinx_forced,44
-t217m2on-s__7,40,would,15.49,15.75,pocketsphinx_forced,45
-t217m2on-s__7,41,need,15.75,15.95,pocketsphinx_forced,46
-t217m2on-s__7,42,to,15.95,16.01,pocketsphinx_forced,46
-t217m2on-s__7,43,deal,16.01,16.28,pocketsphinx_forced,46
-t217m2on-s__7,44,with,16.28,16.48,pocketsphinx_forced,47
-tANM6ETl_M__3,0,The,0.49,0.6,pocketsphinx_forced,4
-tANM6ETl_M__3,1,first,0.6,0.96,pocketsphinx_forced,5
-tANM6ETl_M__3,2,place,0.96,1.32,pocketsphinx_forced,8
-tANM6ETl_M__3,3,is,1.32,1.49,pocketsphinx_forced,10
-tANM6ETl_M__3,4,either,1.49,1.77,pocketsphinx_forced,12
-tANM6ETl_M__3,5,you,1.77,2.0,pocketsphinx_forced,13
-tANM6ETl_M__3,6,have,2.0,2.2,pocketsphinx_forced,15
-tANM6ETl_M__3,7,a,2.2,2.26,pocketsphinx_forced,16
-tANM6ETl_M__3,8,prospect,2.26,2.92,pocketsphinx_forced,19
-tANM6ETl_M__3,9,or,2.92,3.06,pocketsphinx_forced,22
-tANM6ETl_M__3,10,a,3.06,3.09,pocketsphinx_forced,22
-tANM6ETl_M__3,11,customer,3.09,3.5,pocketsphinx_forced,24
-tANM6ETl_M__3,12,who's,3.5,3.71,pocketsphinx_forced,26
-tANM6ETl_M__3,13,never,3.71,4.2,pocketsphinx_forced,29
-tANM6ETl_M__3,14,done,4.2,4.46,pocketsphinx_forced,32
-tANM6ETl_M__3,15,it,4.46,4.61,pocketsphinx_forced,33
-tANM6ETl_M__3,16,before,4.61,5.05,pocketsphinx_forced,35
-tANM6ETl_M__3,17,or,5.05,5.09,pocketsphinx_forced,37
-tANM6ETl_M__3,18,they've,5.09,5.31,pocketsphinx_forced,38
-tANM6ETl_M__3,19,never,5.31,5.67,pocketsphinx_forced,40
-tANM6ETl_M__3,20,tried,5.67,6.07,pocketsphinx_forced,43
-tANM6ETl_M__3,21,it,6.07,6.76,oov_or_partial_interpolation,47
-tPCytz4rww__11,0,Make,0.48,0.63,pocketsphinx_forced,5
-tPCytz4rww__11,1,sure,0.63,0.86,pocketsphinx_forced,6
-tPCytz4rww__11,2,that,0.86,1.01,pocketsphinx_forced,8
-tPCytz4rww__11,3,your,1.01,1.15,pocketsphinx_forced,9
-tPCytz4rww__11,4,using,1.15,1.51,pocketsphinx_forced,12
-tPCytz4rww__11,5,comps,1.51,1.51,oov_or_partial_interpolation,13
-tPCytz4rww__11,6,that,1.51,1.61,pocketsphinx_forced,14
-tPCytz4rww__11,7,are,1.61,1.64,pocketsphinx_forced,14
-tPCytz4rww__11,8,not,1.64,1.92,pocketsphinx_forced,16
-tPCytz4rww__11,9,larger,1.92,2.13,pocketsphinx_forced,18
-tPCytz4rww__11,10,no,2.13,2.34,pocketsphinx_forced,20
-tPCytz4rww__11,11,larger,2.34,2.9,pocketsphinx_forced,23
-tPCytz4rww__11,12,than,3.11,3.2,pocketsphinx_forced,28
-tPCytz4rww__11,13,twelve,3.2,3.39,pocketsphinx_forced,30
-tPCytz4rww__11,14,hundred,3.39,3.9,pocketsphinx_forced,33
-tPCytz4rww__11,15,square,3.9,4.36,pocketsphinx_forced,37
-tPCytz4rww__11,16,feet,4.57,5.38,pocketsphinx_forced,45
-tPCytz4rww__10,0,Say,0.48,0.73,pocketsphinx_forced,6
-tPCytz4rww__10,1,twenty,0.73,1.01,pocketsphinx_forced,9
-tPCytz4rww__10,2,percent,1.01,1.51,pocketsphinx_forced,13
-tPCytz4rww__10,3,so,1.51,1.88,pocketsphinx_forced,17
-tPCytz4rww__10,4,if,1.88,2.01,pocketsphinx_forced,20
-tPCytz4rww__10,5,you've,2.01,2.18,pocketsphinx_forced,21
-tPCytz4rww__10,6,got,2.18,2.33,pocketsphinx_forced,23
-tPCytz4rww__10,7,a,2.33,2.37,pocketsphinx_forced,24
-tPCytz4rww__10,8,thousand,2.37,2.76,pocketsphinx_forced,26
-tPCytz4rww__10,9,square,2.76,3.01,pocketsphinx_forced,30
-tPCytz4rww__10,10,foot,3.01,3.64,pocketsphinx_forced,34
-tPCytz4rww__10,11,condo,3.64,4.14,pocketsphinx_forced,40
-tPCytz4rww__12,0,No,0.0,0.1,pocketsphinx_forced,0
-tPCytz4rww__12,1,less,0.1,0.28,pocketsphinx_forced,0
-tPCytz4rww__12,2,than,0.28,0.39,pocketsphinx_forced,1
-tPCytz4rww__12,3,eight,0.39,0.52,pocketsphinx_forced,1
-tPCytz4rww__12,4,hundred,0.52,0.82,pocketsphinx_forced,2
-tPCytz4rww__12,5,squire,0.82,1.15,pocketsphinx_forced,4
-tPCytz4rww__12,6,feet,1.29,1.49,pocketsphinx_forced,5
-tPCytz4rww__12,7,and,1.49,1.8,pocketsphinx_forced,6
-tPCytz4rww__12,8,going,1.8,1.99,pocketsphinx_forced,7
-tPCytz4rww__12,9,to,1.99,2.23,pocketsphinx_forced,8
-tPCytz4rww__12,10,similar,2.85,3.52,pocketsphinx_forced,13
-tPCytz4rww__12,11,in,3.52,3.85,pocketsphinx_forced,15
-tPCytz4rww__12,12,similar,4.87,5.53,pocketsphinx_forced,21
-tPCytz4rww__12,13,with,5.53,5.82,pocketsphinx_forced,23
-tPCytz4rww__12,14,bedrooms,5.82,6.28,pocketsphinx_forced,25
-tPCytz4rww__12,15,and,6.28,6.37,pocketsphinx_forced,26
-tPCytz4rww__12,16,bathrooms,6.37,6.91,pocketsphinx_forced,27
-tPCytz4rww__12,17,as,6.91,7.02,pocketsphinx_forced,29
-tPCytz4rww__12,18,well,7.02,7.36,pocketsphinx_forced,30
-tPCytz4rww__12,19,and,7.67,8.35,pocketsphinx_forced,33
-tPCytz4rww__12,20,hopefully,8.35,8.78,pocketsphinx_forced,36
-tPCytz4rww__12,21,the,8.78,9.33,pocketsphinx_forced,38
-tPCytz4rww__12,22,complexes,9.33,9.91,pocketsphinx_forced,40
-tPCytz4rww__12,23,have,9.91,10.05,pocketsphinx_forced,42
-tPCytz4rww__12,24,similar,10.05,10.56,pocketsphinx_forced,43
-tPCytz4rww__12,25,amenities,10.56,11.21,pocketsphinx_forced,45
-tPCytz4rww__16,0,So,0.5,0.86,pocketsphinx_forced,4
-tPCytz4rww__16,1,make,0.86,1.09,pocketsphinx_forced,6
-tPCytz4rww__16,2,sure,1.09,1.38,pocketsphinx_forced,8
-tPCytz4rww__16,3,to,1.38,1.84,pocketsphinx_forced,11
-tPCytz4rww__16,4,get,1.84,2.03,pocketsphinx_forced,13
-tPCytz4rww__16,5,a,2.03,2.07,pocketsphinx_forced,14
-tPCytz4rww__16,6,through,2.07,2.6,pocketsphinx_forced,16
-tPCytz4rww__16,7,or,3.84,4.19,pocketsphinx_forced,27
-tPCytz4rww__16,8,to,4.19,4.33,pocketsphinx_forced,29
-tPCytz4rww__16,9,do,4.33,4.58,pocketsphinx_forced,30
-tPCytz4rww__16,10,a,4.58,4.65,pocketsphinx_forced,32
-tPCytz4rww__16,11,through,4.65,5.1,pocketsphinx_forced,33
-tPCytz4rww__16,12,cleaning,5.1,5.6,pocketsphinx_forced,37
-tPCytz4rww__16,13,of,5.6,5.96,pocketsphinx_forced,40
-tPCytz4rww__16,14,the,5.96,6.05,pocketsphinx_forced,41
-tPCytz4rww__16,15,property,6.05,6.57,pocketsphinx_forced,43
-tPCytz4rww__18,0,Do,0.47,0.68,pocketsphinx_forced,4
-tPCytz4rww__18,1,so,0.68,1.02,pocketsphinx_forced,6
-tPCytz4rww__18,2,and,1.36,1.65,pocketsphinx_forced,11
-tPCytz4rww__18,3,as,1.65,1.78,pocketsphinx_forced,12
-tPCytz4rww__18,4,well,1.78,2.48,pocketsphinx_forced,16
-tPCytz4rww__18,5,you'll,2.48,2.76,pocketsphinx_forced,19
-tPCytz4rww__18,6,also,2.76,3.04,pocketsphinx_forced,21
-tPCytz4rww__18,7,want,3.04,3.35,pocketsphinx_forced,24
-tPCytz4rww__18,8,to,3.35,3.61,pocketsphinx_forced,26
-tPCytz4rww__18,9,remove,3.61,3.96,pocketsphinx_forced,28
-tPCytz4rww__18,10,any,3.96,4.13,pocketsphinx_forced,30
-tPCytz4rww__18,11,clutter,4.13,4.51,pocketsphinx_forced,32
-tPCytz4rww__18,12,from,4.51,4.98,pocketsphinx_forced,35
-tPCytz4rww__18,13,that,4.98,5.19,pocketsphinx_forced,38
-tPCytz4rww__18,14,you've,5.19,5.32,pocketsphinx_forced,39
-tPCytz4rww__18,15,accumulated,5.32,5.98,pocketsphinx_forced,42
-vxjVxOeScU__4,0,You're,0.0,0.21,pocketsphinx_forced,0
-vxjVxOeScU__4,1,going,0.49,0.69,pocketsphinx_forced,3
-vxjVxOeScU__4,2,to,0.69,0.75,pocketsphinx_forced,3
-vxjVxOeScU__4,3,talk,0.75,1.1,pocketsphinx_forced,5
-vxjVxOeScU__4,4,about,1.1,1.69,pocketsphinx_forced,7
-vxjVxOeScU__4,5,their,1.69,2.11,pocketsphinx_forced,10
-vxjVxOeScU__4,6,life,2.11,2.63,pocketsphinx_forced,12
-vxjVxOeScU__4,7,their,2.63,3.16,pocketsphinx_forced,15
-vxjVxOeScU__4,8,marriage,3.16,3.91,pocketsphinx_forced,19
-vxjVxOeScU__4,9,and,4.4,4.84,pocketsphinx_forced,25
-vxjVxOeScU__4,10,usually,4.84,5.51,pocketsphinx_forced,28
-vxjVxOeScU__4,11,how,5.51,5.9,pocketsphinx_forced,31
-vxjVxOeScU__4,12,amazing,5.9,6.43,pocketsphinx_forced,33
-vxjVxOeScU__4,13,it,6.43,6.53,pocketsphinx_forced,35
-vxjVxOeScU__4,14,is,6.53,6.81,pocketsphinx_forced,36
-vxjVxOeScU__4,15,that,6.81,6.95,pocketsphinx_forced,37
-vxjVxOeScU__4,16,they've,6.95,7.12,pocketsphinx_forced,38
-vxjVxOeScU__4,17,stayed,7.12,7.47,pocketsphinx_forced,39
-vxjVxOeScU__4,18,together,7.47,7.89,pocketsphinx_forced,42
-vxjVxOeScU__4,19,this,7.89,8.17,pocketsphinx_forced,43
-vxjVxOeScU__4,20,long,8.17,9.04,pocketsphinx_forced,47
-wMB_hJL-3o__7,0,So,0.49,1.0,pocketsphinx_forced,6
-wMB_hJL-3o__7,1,if,1.0,1.18,pocketsphinx_forced,9
-wMB_hJL-3o__7,2,you,1.18,1.31,pocketsphinx_forced,10
-wMB_hJL-3o__7,3,have,1.31,1.47,pocketsphinx_forced,11
-wMB_hJL-3o__7,4,a,1.47,1.51,pocketsphinx_forced,12
-wMB_hJL-3o__7,5,loved,1.51,1.81,pocketsphinx_forced,13
-wMB_hJL-3o__7,6,one,1.81,1.97,pocketsphinx_forced,15
-wMB_hJL-3o__7,7,who,1.97,2.15,pocketsphinx_forced,17
-wMB_hJL-3o__7,8,is,2.15,2.27,pocketsphinx_forced,18
-wMB_hJL-3o__7,9,depressed,2.27,2.98,pocketsphinx_forced,21
-wMB_hJL-3o__7,10,those,3.24,3.47,pocketsphinx_forced,27
-wMB_hJL-3o__7,11,are,3.47,3.51,pocketsphinx_forced,28
-wMB_hJL-3o__7,12,some,3.51,3.75,pocketsphinx_forced,30
-wMB_hJL-3o__7,13,of,3.75,3.81,pocketsphinx_forced,31
-wMB_hJL-3o__7,14,the,3.81,3.9,pocketsphinx_forced,31
-wMB_hJL-3o__7,15,things,3.9,4.22,pocketsphinx_forced,33
-wMB_hJL-3o__7,16,that,4.22,4.34,pocketsphinx_forced,35
-wMB_hJL-3o__7,17,you,4.34,4.48,pocketsphinx_forced,36
-wMB_hJL-3o__7,18,should,4.48,4.69,pocketsphinx_forced,37
-wMB_hJL-3o__7,19,think,4.69,4.88,pocketsphinx_forced,39
-wMB_hJL-3o__7,20,about,4.88,5.15,pocketsphinx_forced,41
-wMB_hJL-3o__7,21,doing,5.15,5.45,pocketsphinx_forced,43
-wny0OAz3g8__1,0,And,0.49,0.63,pocketsphinx_forced,4
-wny0OAz3g8__1,1,because,0.63,0.94,pocketsphinx_forced,5
-wny0OAz3g8__1,2,they,0.94,1.05,pocketsphinx_forced,7
-wny0OAz3g8__1,3,couldn’t,1.05,1.32,pocketsphinx_forced,8
-wny0OAz3g8__1,4,join,1.32,1.59,pocketsphinx_forced,10
-wny0OAz3g8__1,5,unions,1.59,2.1,pocketsphinx_forced,13
-wny0OAz3g8__1,6,many,2.1,2.32,pocketsphinx_forced,16
-wny0OAz3g8__1,7,Black,2.32,2.54,pocketsphinx_forced,17
-wny0OAz3g8__1,8,workers,2.54,2.92,pocketsphinx_forced,19
-wny0OAz3g8__1,9,couldn’t,2.92,3.19,pocketsphinx_forced,22
-wny0OAz3g8__1,10,get,3.19,3.36,pocketsphinx_forced,23
-wny0OAz3g8__1,11,manufacturing,3.36,4.02,pocketsphinx_forced,26
-wny0OAz3g8__1,12,or,4.02,4.09,pocketsphinx_forced,29
-wny0OAz3g8__1,13,trade,4.09,4.36,pocketsphinx_forced,30
-wny0OAz3g8__1,14,work,4.36,4.64,pocketsphinx_forced,32
-wny0OAz3g8__1,15,which,4.64,4.83,pocketsphinx_forced,34
-wny0OAz3g8__1,16,paid,4.83,5.07,pocketsphinx_forced,36
-wny0OAz3g8__1,17,much,5.07,5.35,pocketsphinx_forced,38
-wny0OAz3g8__1,18,better,5.35,5.6,pocketsphinx_forced,40
-wny0OAz3g8__1,19,than,5.6,5.73,pocketsphinx_forced,41
-wny0OAz3g8__1,20,service,5.73,6.06,pocketsphinx_forced,43
-wny0OAz3g8__1,21,work,6.06,6.78,pocketsphinx_forced,46
-wny0OAz3g8__0,0,trade,0.27,0.5,pocketsphinx_forced,5
-wny0OAz3g8__0,1,labor,0.5,0.7,pocketsphinx_forced,9
-wny0OAz3g8__0,2,unions,0.7,1.11,pocketsphinx_forced,13
-wny0OAz3g8__0,3,didn’t,1.11,1.38,pocketsphinx_forced,18
-wny0OAz3g8__0,4,allow,1.38,1.73,pocketsphinx_forced,23
-wny0OAz3g8__0,5,Black,1.73,1.99,pocketsphinx_forced,27
-wny0OAz3g8__0,6,workers,1.99,2.31,pocketsphinx_forced,32
-wny0OAz3g8__0,7,to,2.31,2.41,pocketsphinx_forced,35
-wny0OAz3g8__0,8,join,2.41,2.76,pocketsphinx_forced,38
-wny0OAz3g8__3,0,Which,0.0,0.69,pocketsphinx_forced,2
-wny0OAz3g8__3,1,then,0.69,0.87,pocketsphinx_forced,6
-wny0OAz3g8__3,2,allowed,0.87,1.15,pocketsphinx_forced,8
-wny0OAz3g8__3,3,the,1.15,1.22,pocketsphinx_forced,9
-wny0OAz3g8__3,4,white,1.22,1.45,pocketsphinx_forced,10
-wny0OAz3g8__3,5,workers,1.45,1.77,pocketsphinx_forced,13
-wny0OAz3g8__3,6,and,1.77,1.86,pocketsphinx_forced,14
-wny0OAz3g8__3,7,unions,1.86,2.23,pocketsphinx_forced,16
-wny0OAz3g8__3,8,to,2.23,2.32,pocketsphinx_forced,18
-wny0OAz3g8__3,9,justify,2.32,2.85,pocketsphinx_forced,21
-wny0OAz3g8__3,10,their,2.85,2.96,pocketsphinx_forced,23
-wny0OAz3g8__3,11,decision,2.96,3.33,pocketsphinx_forced,25
-wny0OAz3g8__3,12,to,3.33,3.43,pocketsphinx_forced,27
-wny0OAz3g8__3,13,not,3.43,3.72,pocketsphinx_forced,29
-wny0OAz3g8__3,14,allow,3.72,3.98,pocketsphinx_forced,31
-wny0OAz3g8__3,15,black,3.98,4.28,pocketsphinx_forced,33
-wny0OAz3g8__3,16,workers,4.28,4.74,pocketsphinx_forced,36
-wny0OAz3g8__3,17,into,4.74,5.02,pocketsphinx_forced,39
-wny0OAz3g8__3,18,their,5.02,5.15,pocketsphinx_forced,41
-wny0OAz3g8__3,19,union,5.15,6.1,pocketsphinx_forced,45
-wny0OAz3g8__2,0,And,0.0,0.62,pocketsphinx_forced,2
-wny0OAz3g8__2,1,because,0.62,0.99,pocketsphinx_forced,6
-wny0OAz3g8__2,2,they,0.99,1.08,pocketsphinx_forced,7
-wny0OAz3g8__2,3,couldn’t,1.08,1.32,pocketsphinx_forced,8
-wny0OAz3g8__2,4,get,1.32,1.45,pocketsphinx_forced,10
-wny0OAz3g8__2,5,these,1.45,1.65,pocketsphinx_forced,11
-wny0OAz3g8__2,6,jobs,1.65,2.1,pocketsphinx_forced,14
-wny0OAz3g8__2,7,Black,2.1,2.37,pocketsphinx_forced,16
-wny0OAz3g8__2,8,communities,2.37,2.8,pocketsphinx_forced,19
-wny0OAz3g8__2,9,had,2.8,2.92,pocketsphinx_forced,21
-wny0OAz3g8__2,10,more,2.92,3.11,pocketsphinx_forced,22
-wny0OAz3g8__2,11,men,3.11,3.27,pocketsphinx_forced,23
-wny0OAz3g8__2,12,out,3.27,3.37,pocketsphinx_forced,24
-wny0OAz3g8__2,13,of,3.37,3.47,pocketsphinx_forced,25
-wny0OAz3g8__2,14,work,3.47,3.97,pocketsphinx_forced,27
-wny0OAz3g8__2,15,higher,3.97,4.21,pocketsphinx_forced,30
-wny0OAz3g8__2,16,rates,4.21,4.38,pocketsphinx_forced,32
-wny0OAz3g8__2,17,of,4.38,4.44,pocketsphinx_forced,32
-wny0OAz3g8__2,18,poverty,4.44,4.92,pocketsphinx_forced,34
-wny0OAz3g8__2,19,and,4.92,5.04,pocketsphinx_forced,37
-wny0OAz3g8__2,20,more,5.04,5.21,pocketsphinx_forced,38
-wny0OAz3g8__2,21,criminal,5.21,5.56,pocketsphinx_forced,40
-wny0OAz3g8__2,22,behavior,5.56,6.02,pocketsphinx_forced,43
-wny0OAz3g8__5,0,This,0.0,0.22,pocketsphinx_forced,0
-wny0OAz3g8__5,1,is,0.54,0.86,pocketsphinx_forced,5
-wny0OAz3g8__5,2,what’s,0.86,1.03,pocketsphinx_forced,6
-wny0OAz3g8__5,3,now,1.03,1.23,pocketsphinx_forced,8
-wny0OAz3g8__5,4,known,1.23,1.51,pocketsphinx_forced,9
-wny0OAz3g8__5,5,as,1.51,1.65,pocketsphinx_forced,11
-wny0OAz3g8__5,6,racial,1.65,1.98,pocketsphinx_forced,13
-wny0OAz3g8__5,7,formation,1.98,2.52,pocketsphinx_forced,16
-wny0OAz3g8__5,8,theory,2.52,2.87,pocketsphinx_forced,19
-wny0OAz3g8__5,9,a,3.06,3.11,pocketsphinx_forced,22
-wny0OAz3g8__5,10,theory,3.11,3.37,pocketsphinx_forced,23
-wny0OAz3g8__5,11,formalized,3.37,3.91,pocketsphinx_forced,26
-wny0OAz3g8__5,12,by,3.91,4.01,pocketsphinx_forced,28
-wny0OAz3g8__5,13,modern,4.01,4.34,pocketsphinx_forced,30
-wny0OAz3g8__5,14,sociologists,4.34,4.93,pocketsphinx_forced,33
-wny0OAz3g8__5,15,Michael,4.93,5.22,pocketsphinx_forced,36
-wny0OAz3g8__5,16,Omi,5.22,5.22,oov_or_partial_interpolation,37
-wny0OAz3g8__5,17,and,5.22,5.6,pocketsphinx_forced,39
-wny0OAz3g8__5,18,Howard,5.6,6.74,pocketsphinx_forced,44
-wny0OAz3g8__5,19,Winant,6.74,6.91,oov_or_partial_interpolation,49
-wny0OAz3g8__7,0,Omi,0.0,0.0,oov_or_partial_interpolation,0
-wny0OAz3g8__7,1,and,0.0,0.51,pocketsphinx_forced,1
-wny0OAz3g8__7,2,Winant,0.51,1.06,pocketsphinx_forced,4
-wny0OAz3g8__7,3,argue,1.06,1.33,pocketsphinx_forced,7
-wny0OAz3g8__7,4,that,1.33,1.44,pocketsphinx_forced,8
-wny0OAz3g8__7,5,the,1.44,1.5,pocketsphinx_forced,9
-wny0OAz3g8__7,6,concept,1.5,1.93,pocketsphinx_forced,10
-wny0OAz3g8__7,7,of,1.93,2.04,pocketsphinx_forced,12
-wny0OAz3g8__7,8,race,2.04,2.27,pocketsphinx_forced,13
-wny0OAz3g8__7,9,came,2.27,2.46,pocketsphinx_forced,14
-wny0OAz3g8__7,10,about,2.46,2.69,pocketsphinx_forced,15
-wny0OAz3g8__7,11,as,2.69,2.8,pocketsphinx_forced,17
-wny0OAz3g8__7,12,a,2.8,2.84,pocketsphinx_forced,17
-wny0OAz3g8__7,13,tool,2.84,3.15,pocketsphinx_forced,18
-wny0OAz3g8__7,14,to,3.15,3.26,pocketsphinx_forced,19
-wny0OAz3g8__7,15,justify,3.26,3.82,pocketsphinx_forced,21
-wny0OAz3g8__7,16,and,3.82,3.96,pocketsphinx_forced,24
-wny0OAz3g8__7,17,maintain,3.96,4.51,pocketsphinx_forced,26
-wny0OAz3g8__7,18,the,4.51,4.63,pocketsphinx_forced,28
-wny0OAz3g8__7,19,economic,4.63,5.11,pocketsphinx_forced,30
-wny0OAz3g8__7,20,and,5.11,5.22,pocketsphinx_forced,32
-wny0OAz3g8__7,21,political,5.22,5.58,pocketsphinx_forced,33
-wny0OAz3g8__7,22,power,5.58,5.96,pocketsphinx_forced,35
-wny0OAz3g8__7,23,held,5.96,6.25,pocketsphinx_forced,37
-wny0OAz3g8__7,24,by,6.25,6.36,pocketsphinx_forced,39
-wny0OAz3g8__7,25,those,6.36,6.57,pocketsphinx_forced,40
-wny0OAz3g8__7,26,of,6.57,6.65,pocketsphinx_forced,40
-wny0OAz3g8__7,27,European,6.65,7.07,pocketsphinx_forced,42
-wny0OAz3g8__7,28,descent,7.07,7.91,pocketsphinx_forced,46
-wny0OAz3g8__9,0,He,0.48,0.6,pocketsphinx_forced,4
-wny0OAz3g8__9,1,explores,0.6,1.02,pocketsphinx_forced,6
-wny0OAz3g8__9,2,why,1.02,1.13,pocketsphinx_forced,8
-wny0OAz3g8__9,3,Black,1.13,1.37,pocketsphinx_forced,10
-wny0OAz3g8__9,4,and,1.37,1.46,pocketsphinx_forced,11
-wny0OAz3g8__9,5,White,1.46,1.6,pocketsphinx_forced,12
-wny0OAz3g8__9,6,Americans,1.6,2.06,pocketsphinx_forced,14
-wny0OAz3g8__9,7,tend,2.06,2.26,pocketsphinx_forced,17
-wny0OAz3g8__9,8,to,2.26,2.32,pocketsphinx_forced,18
-wny0OAz3g8__9,9,have,2.32,2.52,pocketsphinx_forced,19
-wny0OAz3g8__9,10,such,2.52,2.77,pocketsphinx_forced,21
-wny0OAz3g8__9,11,different,2.77,3.16,pocketsphinx_forced,23
-wny0OAz3g8__9,12,outcomes,3.16,3.69,pocketsphinx_forced,27
-wny0OAz3g8__9,13,in,3.69,3.75,pocketsphinx_forced,29
-wny0OAz3g8__9,14,terms,3.75,3.98,pocketsphinx_forced,31
-wny0OAz3g8__9,15,of,3.98,4.04,pocketsphinx_forced,32
-wny0OAz3g8__9,16,income,4.04,4.56,pocketsphinx_forced,34
-wny0OAz3g8__9,17,education,4.56,5.15,pocketsphinx_forced,39
-wny0OAz3g8__9,18,and,5.15,5.26,pocketsphinx_forced,41
-wny0OAz3g8__9,19,more,5.26,6.04,pocketsphinx_forced,45
-571d8cVauQ__0,0,This,1.05,1.21,pocketsphinx_forced,11
-571d8cVauQ__0,1,is,1.21,1.27,pocketsphinx_forced,12
-571d8cVauQ__0,2,Rhett,1.27,1.52,pocketsphinx_forced,13
-571d8cVauQ__0,3,Reiger,1.52,1.92,pocketsphinx_forced,16
-571d8cVauQ__0,4,White,1.92,2.12,pocketsphinx_forced,19
-571d8cVauQ__0,5,Caspian,2.12,2.57,pocketsphinx_forced,23
-571d8cVauQ__0,6,Studios,2.57,3.11,pocketsphinx_forced,28
-571d8cVauQ__0,7,on,3.11,3.22,pocketsphinx_forced,31
-571d8cVauQ__0,8,behalf,3.22,3.57,pocketsphinx_forced,33
-571d8cVauQ__0,9,of,3.57,3.7,pocketsphinx_forced,35
-571d8cVauQ__0,10,Expert,3.7,4.03,pocketsphinx_forced,38
-571d8cVauQ__0,11,Village,4.03,4.49,pocketsphinx_forced,42
-571d8cVauQ__5,0,So,0.49,0.66,pocketsphinx_forced,1
-571d8cVauQ__5,1,very,0.66,0.97,pocketsphinx_forced,2
-571d8cVauQ__5,2,important,0.97,1.37,pocketsphinx_forced,3
-571d8cVauQ__5,3,to,1.37,1.57,pocketsphinx_forced,4
-571d8cVauQ__5,4,go,1.57,1.8,pocketsphinx_forced,5
-571d8cVauQ__5,5,out,1.8,2.08,pocketsphinx_forced,6
-571d8cVauQ__5,6,to,2.42,2.63,pocketsphinx_forced,8
-571d8cVauQ__5,7,the,2.63,2.7,pocketsphinx_forced,8
-571d8cVauQ__5,8,locations,2.7,3.47,pocketsphinx_forced,10
-571d8cVauQ__5,9,walk,3.65,4.06,pocketsphinx_forced,12
-571d8cVauQ__5,10,around,4.06,4.5,pocketsphinx_forced,14
-571d8cVauQ__5,11,talk,4.68,4.97,pocketsphinx_forced,15
-571d8cVauQ__5,12,with,4.97,5.09,pocketsphinx_forced,16
-571d8cVauQ__5,13,the,5.09,5.25,pocketsphinx_forced,16
-571d8cVauQ__5,14,owners,5.25,5.6,pocketsphinx_forced,17
-571d8cVauQ__5,15,if,5.6,5.74,pocketsphinx_forced,18
-571d8cVauQ__5,16,you,5.74,5.81,pocketsphinx_forced,18
-571d8cVauQ__5,17,can,5.81,6.18,pocketsphinx_forced,19
-571d8cVauQ__5,18,tell,6.42,6.66,pocketsphinx_forced,21
-571d8cVauQ__5,19,them,6.66,6.84,pocketsphinx_forced,22
-571d8cVauQ__5,20,what,6.84,7.01,pocketsphinx_forced,22
-571d8cVauQ__5,21,you're,7.01,7.1,pocketsphinx_forced,23
-571d8cVauQ__5,22,doing,7.1,7.39,pocketsphinx_forced,23
-571d8cVauQ__5,23,build,7.66,7.91,pocketsphinx_forced,25
-571d8cVauQ__5,24,a,7.91,7.94,pocketsphinx_forced,25
-571d8cVauQ__5,25,little,7.94,8.26,pocketsphinx_forced,26
-571d8cVauQ__5,26,excitement,8.26,8.87,pocketsphinx_forced,28
-571d8cVauQ__5,27,put,9.4,9.52,pocketsphinx_forced,30
-571d8cVauQ__5,28,a,9.52,9.55,pocketsphinx_forced,31
-571d8cVauQ__5,29,little,9.55,9.78,pocketsphinx_forced,31
-571d8cVauQ__5,30,glitz,9.78,10.18,pocketsphinx_forced,32
-571d8cVauQ__5,31,on,10.18,10.39,pocketsphinx_forced,33
-571d8cVauQ__5,32,there,10.39,10.69,pocketsphinx_forced,34
-571d8cVauQ__5,33,and,11.17,11.49,pocketsphinx_forced,37
-571d8cVauQ__5,34,let,11.49,11.7,pocketsphinx_forced,37
-571d8cVauQ__5,35,everybody,11.7,12.06,pocketsphinx_forced,38
-571d8cVauQ__5,36,knows,12.06,12.34,pocketsphinx_forced,39
-571d8cVauQ__5,37,this,12.7,12.94,pocketsphinx_forced,41
-571d8cVauQ__5,38,is,12.94,13.09,pocketsphinx_forced,42
-571d8cVauQ__5,39,a,13.09,13.17,pocketsphinx_forced,42
-571d8cVauQ__5,40,very,13.17,13.58,pocketsphinx_forced,43
-571d8cVauQ__5,41,valuable,13.58,14.16,pocketsphinx_forced,45
-571d8cVauQ__5,42,spot,14.16,15.11,pocketsphinx_forced,47
-I_e4mIh0yE__1,0,In,0.69,0.87,pocketsphinx_forced,5
-I_e4mIh0yE__1,1,the,0.87,0.96,pocketsphinx_forced,6
-I_e4mIh0yE__1,2,United,0.96,1.28,pocketsphinx_forced,7
-I_e4mIh0yE__1,3,States,1.28,1.6,pocketsphinx_forced,9
-I_e4mIh0yE__1,4,we,1.6,1.77,pocketsphinx_forced,11
-I_e4mIh0yE__1,5,don't,1.77,2.07,pocketsphinx_forced,12
-I_e4mIh0yE__1,6,punish,2.07,2.56,pocketsphinx_forced,15
-I_e4mIh0yE__1,7,failure,2.56,3.15,pocketsphinx_forced,18
-I_e4mIh0yE__1,8,to,3.48,3.63,pocketsphinx_forced,23
-I_e4mIh0yE__1,9,the,3.63,3.73,pocketsphinx_forced,24
-I_e4mIh0yE__1,10,degree,3.73,4.22,pocketsphinx_forced,26
-I_e4mIh0yE__1,11,to,4.22,4.33,pocketsphinx_forced,28
-I_e4mIh0yE__1,12,which,4.33,4.72,pocketsphinx_forced,29
-I_e4mIh0yE__1,13,failure,4.72,5.3,pocketsphinx_forced,32
-I_e4mIh0yE__1,14,is,5.3,5.42,pocketsphinx_forced,35
-I_e4mIh0yE__1,15,punished,5.42,6.12,pocketsphinx_forced,37
-I_e4mIh0yE__1,16,in,6.12,6.42,pocketsphinx_forced,41
-I_e4mIh0yE__1,17,Europe,6.42,6.93,pocketsphinx_forced,43
-I_e4mIh0yE__3,0,It's,0.5,0.79,pocketsphinx_forced,3
-I_e4mIh0yE__3,1,perceived,0.79,1.52,pocketsphinx_forced,6
-I_e4mIh0yE__3,2,that,1.52,1.65,pocketsphinx_forced,8
-I_e4mIh0yE__3,3,you,1.65,1.79,pocketsphinx_forced,9
-I_e4mIh0yE__3,4,have,1.79,1.92,pocketsphinx_forced,10
-I_e4mIh0yE__3,5,actually,1.92,2.33,pocketsphinx_forced,11
-I_e4mIh0yE__3,6,learned,2.69,2.82,pocketsphinx_forced,15
-I_e4mIh0yE__3,7,something,2.82,3.21,pocketsphinx_forced,16
-I_e4mIh0yE__3,8,over,3.21,3.46,pocketsphinx_forced,18
-I_e4mIh0yE__3,9,the,3.46,4.13,pocketsphinx_forced,20
-I_e4mIh0yE__3,10,course,4.13,4.29,pocketsphinx_forced,22
-I_e4mIh0yE__3,11,of,4.29,4.51,pocketsphinx_forced,24
-I_e4mIh0yE__3,12,your,4.51,4.6,pocketsphinx_forced,24
-I_e4mIh0yE__3,13,carreer,4.6,4.6,oov_or_partial_interpolation,25
-I_e4mIh0yE__3,14,and,4.6,4.8,pocketsphinx_forced,25
-I_e4mIh0yE__3,15,that,5.49,5.97,pocketsphinx_forced,31
-I_e4mIh0yE__3,16,you,5.97,6.13,pocketsphinx_forced,33
-I_e4mIh0yE__3,17,won't,6.13,6.49,pocketsphinx_forced,34
-I_e4mIh0yE__3,18,make,6.49,6.66,pocketsphinx_forced,35
-I_e4mIh0yE__3,19,the,6.66,6.98,pocketsphinx_forced,37
-I_e4mIh0yE__3,20,mistake,6.98,7.5,pocketsphinx_forced,39
-I_e4mIh0yE__3,21,twice,7.5,7.79,pocketsphinx_forced,41
-UacrmKiTn4__10,0,Because,0.0,0.33,pocketsphinx_forced,1
-UacrmKiTn4__10,1,if,0.33,0.47,pocketsphinx_forced,2
-UacrmKiTn4__10,2,they,0.47,0.63,pocketsphinx_forced,3
-UacrmKiTn4__10,3,are,0.63,0.66,pocketsphinx_forced,4
-UacrmKiTn4__10,4,not,0.66,1.02,pocketsphinx_forced,5
-UacrmKiTn4__10,5,in,1.02,1.44,pocketsphinx_forced,8
-UacrmKiTn4__10,6,any,2.16,2.56,pocketsphinx_forced,16
-UacrmKiTn4__10,7,way,2.56,2.8,pocketsphinx_forced,18
-UacrmKiTn4__10,8,held,2.8,3.09,pocketsphinx_forced,20
-UacrmKiTn4__10,9,accountable,3.09,3.87,pocketsphinx_forced,23
-UacrmKiTn4__10,10,for,3.87,4.22,pocketsphinx_forced,27
-UacrmKiTn4__10,11,reading,4.22,4.58,pocketsphinx_forced,29
-UacrmKiTn4__10,12,the,4.58,4.64,pocketsphinx_forced,31
-UacrmKiTn4__10,13,material,4.64,5.38,pocketsphinx_forced,34
-UacrmKiTn4__10,14,they,5.89,6.08,pocketsphinx_forced,40
-UacrmKiTn4__10,15,won't,6.08,6.37,pocketsphinx_forced,42
-UacrmKiTn4__10,16,do,6.37,6.58,pocketsphinx_forced,43
-UacrmKiTn4__10,17,it,6.58,6.71,pocketsphinx_forced,45
-UacrmKiTn4__4,0,Just,0.48,0.74,pocketsphinx_forced,6
-UacrmKiTn4__4,1,given,0.74,0.98,pocketsphinx_forced,9
-UacrmKiTn4__4,2,to,0.98,1.1,pocketsphinx_forced,10
-UacrmKiTn4__4,3,their,1.1,1.31,pocketsphinx_forced,12
-UacrmKiTn4__4,4,own,1.31,1.5,pocketsphinx_forced,14
-UacrmKiTn4__4,5,devices,1.5,2.16,pocketsphinx_forced,19
-UacrmKiTn4__4,6,they,2.16,2.32,pocketsphinx_forced,23
-UacrmKiTn4__4,7,are,2.32,2.42,pocketsphinx_forced,25
-UacrmKiTn4__4,8,not,2.42,2.74,pocketsphinx_forced,27
-UacrmKiTn4__4,9,going,2.74,3.01,pocketsphinx_forced,30
-UacrmKiTn4__4,10,to,3.01,3.14,pocketsphinx_forced,32
-UacrmKiTn4__4,11,read,3.14,3.41,pocketsphinx_forced,34
-UacrmKiTn4__4,12,the,3.41,3.49,pocketsphinx_forced,36
-UacrmKiTn4__4,13,textbook,3.49,4.21,pocketsphinx_forced,40
-hnBHBN8p5A__7,0,Picture,0.0,0.18,pocketsphinx_forced,0
-hnBHBN8p5A__7,1,this,0.18,0.46,pocketsphinx_forced,2
-hnBHBN8p5A__7,2,before,0.46,0.69,pocketsphinx_forced,3
-hnBHBN8p5A__7,3,we,0.69,0.92,pocketsphinx_forced,5
-hnBHBN8p5A__7,4,actually,0.92,1.33,pocketsphinx_forced,7
-hnBHBN8p5A__7,5,start,1.33,1.48,pocketsphinx_forced,9
-hnBHBN8p5A__7,6,hacking,1.48,1.72,pocketsphinx_forced,10
-hnBHBN8p5A__7,7,we’re,1.72,1.84,pocketsphinx_forced,12
-hnBHBN8p5A__7,8,in,1.84,2.02,pocketsphinx_forced,13
-hnBHBN8p5A__7,9,a,3.72,3.84,pocketsphinx_forced,25
-hnBHBN8p5A__7,10,room,3.84,4.29,pocketsphinx_forced,27
-hnBHBN8p5A__7,11,formal,4.29,4.73,pocketsphinx_forced,30
-hnBHBN8p5A__7,12,setting,5.83,6.18,pocketsphinx_forced,40
-hnBHBN8p5A__6,0,Discussion,0.64,0.768,vad_orthographic_fallback,5
-hnBHBN8p5A__6,1,how,1.152,1.28,vad_orthographic_fallback,9
-hnBHBN8p5A__6,2,to,1.536,1.664,vad_orthographic_fallback,12
-hnBHBN8p5A__6,3,discuss,1.792,1.92,vad_orthographic_fallback,14
-hnBHBN8p5A__6,4,ideas,2.56,2.688,vad_orthographic_fallback,20
-hnBHBN8p5A__6,5,and,2.816,2.944,vad_orthographic_fallback,22
-hnBHBN8p5A__6,6,opinions,3.456,3.584,vad_orthographic_fallback,27
-hnBHBN8p5A__6,7,more,3.84,3.968,vad_orthographic_fallback,30
-hnBHBN8p5A__6,8,effectively,4.48,4.608,vad_orthographic_fallback,35
-hnBHBN8p5A__6,9,than,4.992,5.12,vad_orthographic_fallback,39
-hnBHBN8p5A__6,10,a,5.248,5.376,vad_orthographic_fallback,41
-hnBHBN8p5A__6,11,native,5.632,5.76,vad_orthographic_fallback,44
-hnBHBN8p5A__6,12,speaker,6.016,6.144,vad_orthographic_fallback,47
-qDkUB0GgYY__6,0,We,0.48,0.6,pocketsphinx_forced,5
-qDkUB0GgYY__6,1,always,0.6,0.91,pocketsphinx_forced,8
-qDkUB0GgYY__6,2,love,0.91,1.14,pocketsphinx_forced,10
-qDkUB0GgYY__6,3,to,1.14,1.26,pocketsphinx_forced,12
-qDkUB0GgYY__6,4,hear,1.26,1.43,pocketsphinx_forced,14
-qDkUB0GgYY__6,5,what,1.43,1.53,pocketsphinx_forced,15
-qDkUB0GgYY__6,6,you,1.53,1.71,pocketsphinx_forced,17
-qDkUB0GgYY__6,7,say,1.71,2.23,pocketsphinx_forced,21
-qDkUB0GgYY__6,8,and,2.23,2.69,pocketsphinx_forced,26
-qDkUB0GgYY__6,9,like,2.69,2.91,pocketsphinx_forced,29
-qDkUB0GgYY__6,10,and,2.91,3.0,pocketsphinx_forced,31
-qDkUB0GgYY__6,11,share,3.0,3.17,pocketsphinx_forced,32
-qDkUB0GgYY__6,12,this,3.17,3.32,pocketsphinx_forced,34
-qDkUB0GgYY__6,13,video,3.32,3.54,pocketsphinx_forced,36
-qDkUB0GgYY__6,14,as,3.54,3.74,pocketsphinx_forced,38
-qDkUB0GgYY__6,15,well,3.74,4.07,pocketsphinx_forced,41
-uywlfIYOS8__4,0,And,0.0,0.09,pocketsphinx_forced,0
-uywlfIYOS8__4,1,then,0.09,0.29,pocketsphinx_forced,1
-uywlfIYOS8__4,2,from,0.29,0.49,pocketsphinx_forced,3
-uywlfIYOS8__4,3,a,0.49,0.58,pocketsphinx_forced,4
-uywlfIYOS8__4,4,brand,0.58,1.55,pocketsphinx_forced,8
-uywlfIYOS8__4,5,point,1.55,2.13,pocketsphinx_forced,15
-uywlfIYOS8__4,6,of,2.13,2.34,pocketsphinx_forced,18
-uywlfIYOS8__4,7,view,2.34,2.59,pocketsphinx_forced,20
-uywlfIYOS8__4,8,we,2.59,2.74,pocketsphinx_forced,22
-uywlfIYOS8__4,9,need,2.74,3.03,pocketsphinx_forced,23
-uywlfIYOS8__4,10,to,3.03,3.14,pocketsphinx_forced,25
-uywlfIYOS8__4,11,make,3.14,3.33,pocketsphinx_forced,26
-uywlfIYOS8__4,12,sure,3.33,3.62,pocketsphinx_forced,28
-uywlfIYOS8__4,13,we're,3.62,3.8,pocketsphinx_forced,30
-uywlfIYOS8__4,14,driving,3.8,4.21,pocketsphinx_forced,33
-uywlfIYOS8__4,15,the,4.21,4.28,pocketsphinx_forced,35
-uywlfIYOS8__4,16,relevant,4.28,4.78,pocketsphinx_forced,37
-uywlfIYOS8__4,17,insight,4.78,5.38,pocketsphinx_forced,42
-6rXp3zJ3kc__8,0,Many,0.45,0.71,pocketsphinx_forced,2
-6rXp3zJ3kc__8,1,people,0.71,1.01,pocketsphinx_forced,3
-6rXp3zJ3kc__8,2,are,1.01,1.14,pocketsphinx_forced,4
-6rXp3zJ3kc__8,3,not,1.14,1.52,pocketsphinx_forced,5
-6rXp3zJ3kc__8,4,until,1.52,1.86,pocketsphinx_forced,6
-6rXp3zJ3kc__8,5,they,1.86,1.96,pocketsphinx_forced,7
-6rXp3zJ3kc__8,6,get,1.96,2.23,pocketsphinx_forced,8
-6rXp3zJ3kc__8,7,to,2.23,2.33,pocketsphinx_forced,8
-6rXp3zJ3kc__8,8,be,2.33,2.57,pocketsphinx_forced,9
-6rXp3zJ3kc__8,9,a,2.57,2.78,pocketsphinx_forced,10
-6rXp3zJ3kc__8,10,older,3.19,3.61,pocketsphinx_forced,13
-6rXp3zJ3kc__8,11,age,3.61,3.97,pocketsphinx_forced,14
-6rXp3zJ3kc__8,12,and,3.97,4.11,pocketsphinx_forced,15
-6rXp3zJ3kc__8,13,they,4.11,4.21,pocketsphinx_forced,16
-6rXp3zJ3kc__8,14,realize,4.21,4.82,pocketsphinx_forced,17
-6rXp3zJ3kc__8,15,that,4.82,5.02,pocketsphinx_forced,19
-6rXp3zJ3kc__8,16,gosh,5.02,5.42,pocketsphinx_forced,20
-6rXp3zJ3kc__8,17,they,5.42,5.86,pocketsphinx_forced,22
-6rXp3zJ3kc__8,18,wasted,5.86,6.31,pocketsphinx_forced,23
-6rXp3zJ3kc__8,19,a,6.31,6.34,pocketsphinx_forced,24
-6rXp3zJ3kc__8,20,lot,6.34,6.57,pocketsphinx_forced,25
-6rXp3zJ3kc__8,21,of,6.57,6.64,pocketsphinx_forced,25
-6rXp3zJ3kc__8,22,time,6.64,7.1,pocketsphinx_forced,26
-6rXp3zJ3kc__8,23,and,7.1,7.23,pocketsphinx_forced,27
-6rXp3zJ3kc__8,24,money,7.23,7.6,pocketsphinx_forced,28
-6rXp3zJ3kc__8,25,in,8.46,9.08,pocketsphinx_forced,34
-6rXp3zJ3kc__8,26,placing,9.08,9.62,pocketsphinx_forced,36
-6rXp3zJ3kc__8,27,bets,9.62,9.97,pocketsphinx_forced,38
-6rXp3zJ3kc__8,28,on,9.97,10.08,pocketsphinx_forced,39
-6rXp3zJ3kc__8,29,stock,10.08,10.47,pocketsphinx_forced,40
-6rXp3zJ3kc__8,30,that's,10.47,10.75,pocketsphinx_forced,41
-6rXp3zJ3kc__8,31,ultimately,10.75,11.37,pocketsphinx_forced,43
-6rXp3zJ3kc__8,32,lost,11.37,11.74,pocketsphinx_forced,45
-6rXp3zJ3kc__8,33,value,11.74,12.23,pocketsphinx_forced,46
-9y-fZ3swSY__0,0,is,0.0,0.18,pocketsphinx_forced,0
-9y-fZ3swSY__0,1,you,0.18,0.24,pocketsphinx_forced,1
-9y-fZ3swSY__0,2,can,0.24,0.41,pocketsphinx_forced,2
-9y-fZ3swSY__0,3,say,0.41,0.67,pocketsphinx_forced,3
-9y-fZ3swSY__0,4,hey,0.67,1.16,pocketsphinx_forced,6
-9y-fZ3swSY__0,5,I,1.62,2.0,pocketsphinx_forced,13
-9y-fZ3swSY__0,6,really,2.0,2.31,pocketsphinx_forced,15
-9y-fZ3swSY__0,7,like,2.31,2.81,pocketsphinx_forced,18
-9y-fZ3swSY__0,8,baby,2.81,3.3,pocketsphinx_forced,22
-9y-fZ3swSY__0,9,skin,3.3,3.66,pocketsphinx_forced,25
-9y-fZ3swSY__0,10,they,3.66,3.74,pocketsphinx_forced,27
-9y-fZ3swSY__0,11,are,3.74,3.77,pocketsphinx_forced,27
-9y-fZ3swSY__0,12,so,3.77,4.04,pocketsphinx_forced,28
-9y-fZ3swSY__0,13,soft,4.04,4.63,pocketsphinx_forced,31
-9y-fZ3swSY__0,14,they,4.63,4.7,pocketsphinx_forced,34
-9y-fZ3swSY__0,15,don’t,4.7,4.91,pocketsphinx_forced,35
-9y-fZ3swSY__0,16,have,4.91,5.26,pocketsphinx_forced,37
-9y-fZ3swSY__0,17,any,5.26,5.44,pocketsphinx_forced,39
-9y-fZ3swSY__0,18,hair,5.44,5.72,pocketsphinx_forced,40
-9y-fZ3swSY__0,19,on,5.72,5.82,pocketsphinx_forced,42
-9y-fZ3swSY__0,20,their,5.82,5.92,pocketsphinx_forced,42
-9y-fZ3swSY__0,21,face,5.92,6.76,pocketsphinx_forced,46
-9y-fZ3swSY__4,0,I’ve,0.29,0.5,pocketsphinx_forced,7
-9y-fZ3swSY__4,1,seen,0.5,0.74,pocketsphinx_forced,10
-9y-fZ3swSY__4,2,this,0.74,0.94,pocketsphinx_forced,14
-9y-fZ3swSY__4,3,in,0.94,1.12,pocketsphinx_forced,18
-9y-fZ3swSY__4,4,US,1.12,1.74,pocketsphinx_forced,25
-9y-fZ3swSY__4,5,or,1.74,1.89,pocketsphinx_forced,32
-9y-fZ3swSY__4,6,in,1.89,2.02,pocketsphinx_forced,34
-9y-fZ3swSY__4,7,the,2.02,2.13,pocketsphinx_forced,36
-9y-fZ3swSY__4,8,US,2.13,2.66,pocketsphinx_forced,42
-9y-fZ3swSY__8,0,That’s,0.14,0.52,pocketsphinx_forced,3
-9y-fZ3swSY__8,1,a,0.52,0.65,pocketsphinx_forced,5
-9y-fZ3swSY__8,2,more,0.9,1.15,pocketsphinx_forced,10
-9y-fZ3swSY__8,3,decent,1.15,2.05,pocketsphinx_forced,16
-9y-fZ3swSY__8,4,and,2.05,2.19,pocketsphinx_forced,21
-9y-fZ3swSY__8,5,more,2.19,2.31,pocketsphinx_forced,22
-9y-fZ3swSY__8,6,polite,2.31,2.86,pocketsphinx_forced,25
-9y-fZ3swSY__8,7,way,2.86,3.08,pocketsphinx_forced,29
-9y-fZ3swSY__8,8,to,3.08,3.26,pocketsphinx_forced,31
-9y-fZ3swSY__8,9,call,3.26,3.69,pocketsphinx_forced,34
-9y-fZ3swSY__8,10,a,3.97,4.05,pocketsphinx_forced,40
-9y-fZ3swSY__8,11,lady,4.05,4.45,pocketsphinx_forced,42
-AUZQgSxyPQ__2,0,The,0.46,0.56,pocketsphinx_forced,1
-AUZQgSxyPQ__2,1,perfect,0.56,0.97,pocketsphinx_forced,1
-AUZQgSxyPQ__2,2,soul,0.97,1.27,pocketsphinx_forced,2
-AUZQgSxyPQ__2,3,mate,1.27,1.57,pocketsphinx_forced,3
-AUZQgSxyPQ__2,4,to,1.57,1.87,pocketsphinx_forced,3
-AUZQgSxyPQ__2,5,the,1.87,2.47,pocketsphinx_forced,4
-AUZQgSxyPQ__2,6,Clarisonic,2.47,2.99,oov_or_partial_interpolation,6
-AUZQgSxyPQ__2,7,Spot,2.99,3.42,pocketsphinx_forced,7
-AUZQgSxyPQ__2,8,Therapy,3.42,3.96,pocketsphinx_forced,8
-AUZQgSxyPQ__2,9,Brush,3.96,4.48,pocketsphinx_forced,9
-AUZQgSxyPQ__2,10,this,4.64,5.12,pocketsphinx_forced,10
-AUZQgSxyPQ__2,11,gentle,5.12,5.61,pocketsphinx_forced,11
-AUZQgSxyPQ__2,12,Ph,5.61,6.14,pocketsphinx_forced,13
-AUZQgSxyPQ__2,13,balanced,6.14,6.71,pocketsphinx_forced,14
-AUZQgSxyPQ__2,14,and,6.71,6.93,pocketsphinx_forced,15
-AUZQgSxyPQ__2,15,hydrating,6.93,6.93,oov_or_partial_interpolation,15
-AUZQgSxyPQ__2,16,exfoliant,6.93,6.93,oov_or_partial_interpolation,15
-AUZQgSxyPQ__2,17,containing,6.93,7.85,pocketsphinx_forced,16
-AUZQgSxyPQ__2,18,jojoba,7.85,8.22,pocketsphinx_forced,17
-AUZQgSxyPQ__2,19,and,8.91,9.15,pocketsphinx_forced,20
-AUZQgSxyPQ__2,20,acai,9.15,9.15,oov_or_partial_interpolation,20
-AUZQgSxyPQ__2,21,fruit,9.15,9.5,pocketsphinx_forced,20
-AUZQgSxyPQ__2,22,oils,9.5,10.25,pocketsphinx_forced,21
-AUZQgSxyPQ__2,23,and,10.25,10.59,pocketsphinx_forced,23
-AUZQgSxyPQ__2,24,bamboo,10.59,11.59,pocketsphinx_forced,24
-AUZQgSxyPQ__2,25,and,12.72,13.65,pocketsphinx_forced,29
-AUZQgSxyPQ__2,26,prickly,13.65,14.07,pocketsphinx_forced,30
-AUZQgSxyPQ__2,27,bear,14.07,14.55,pocketsphinx_forced,31
-AUZQgSxyPQ__2,28,extracts,14.55,15.21,pocketsphinx_forced,33
-AUZQgSxyPQ__2,29,deliver,15.84,16.36,pocketsphinx_forced,35
-AUZQgSxyPQ__2,30,intense,16.36,16.88,pocketsphinx_forced,36
-AUZQgSxyPQ__2,31,healing,16.88,17.3,pocketsphinx_forced,37
-AUZQgSxyPQ__2,32,while,17.82,18.0,pocketsphinx_forced,39
-AUZQgSxyPQ__2,33,smooth,18.0,18.44,pocketsphinx_forced,40
-AUZQgSxyPQ__2,34,granules,18.44,19.06,pocketsphinx_forced,41
-AUZQgSxyPQ__2,35,buff,19.06,19.28,pocketsphinx_forced,42
-AUZQgSxyPQ__2,36,away,19.28,19.73,pocketsphinx_forced,43
-AUZQgSxyPQ__2,37,dead,20.09,20.68,pocketsphinx_forced,45
-AUZQgSxyPQ__2,38,dry,20.68,21.16,pocketsphinx_forced,46
-AUZQgSxyPQ__2,39,skin,21.16,21.44,pocketsphinx_forced,47
-AUZQgSxyPQ__2,40,cells,21.44,22.51,oov_or_partial_interpolation,48
-HeZS2-Prhc__2,0,The,0.0,0.53,pocketsphinx_forced,1
-HeZS2-Prhc__2,1,August,1.24,2.29,pocketsphinx_forced,10
-HeZS2-Prhc__2,2,jobs,2.29,2.67,pocketsphinx_forced,15
-HeZS2-Prhc__2,3,report,2.67,3.02,pocketsphinx_forced,17
-HeZS2-Prhc__2,4,is,3.02,3.17,pocketsphinx_forced,18
-HeZS2-Prhc__2,5,out,3.17,3.61,pocketsphinx_forced,20
-HeZS2-Prhc__2,6,and,3.61,4.15,pocketsphinx_forced,23
-HeZS2-Prhc__2,7,it,4.15,4.28,pocketsphinx_forced,25
-HeZS2-Prhc__2,8,was,4.28,4.41,pocketsphinx_forced,26
-HeZS2-Prhc__2,9,seen,4.41,4.9,pocketsphinx_forced,28
-HeZS2-Prhc__2,10,overall,5.1,5.81,pocketsphinx_forced,33
-HeZS2-Prhc__2,11,as,6.17,6.26,pocketsphinx_forced,37
-HeZS2-Prhc__2,12,solid,6.26,6.76,pocketsphinx_forced,39
-HeZS2-Prhc__2,13,but,6.76,7.0,pocketsphinx_forced,41
-HeZS2-Prhc__2,14,not,7.0,7.27,pocketsphinx_forced,43
-HeZS2-Prhc__2,15,great,7.27,8.15,pocketsphinx_forced,46
-MeTTeMJBNc__0,0,Okay,0.9,1.31,pocketsphinx_forced,5
-MeTTeMJBNc__0,1,what,1.31,1.54,pocketsphinx_forced,7
-MeTTeMJBNc__0,2,happens,1.54,2.14,pocketsphinx_forced,9
-MeTTeMJBNc__0,3,at,2.14,2.31,pocketsphinx_forced,11
-MeTTeMJBNc__0,4,this,2.31,2.56,pocketsphinx_forced,13
-MeTTeMJBNc__0,5,point,2.56,3.03,pocketsphinx_forced,15
-MeTTeMJBNc__0,6,after,3.03,3.4,pocketsphinx_forced,17
-MeTTeMJBNc__0,7,we've,3.4,3.65,pocketsphinx_forced,18
-MeTTeMJBNc__0,8,taken,3.65,4.04,pocketsphinx_forced,20
-MeTTeMJBNc__0,9,this,4.04,4.32,pocketsphinx_forced,22
-MeTTeMJBNc__0,10,brief,4.32,4.77,pocketsphinx_forced,24
-MeTTeMJBNc__0,11,walk,4.77,5.22,pocketsphinx_forced,26
-MeTTeMJBNc__0,12,down,5.22,5.55,pocketsphinx_forced,28
-MeTTeMJBNc__0,13,memory,5.55,5.9,pocketsphinx_forced,30
-MeTTeMJBNc__0,14,lane,5.9,6.42,pocketsphinx_forced,33
-MeTTeMJBNc__0,15,is,6.76,6.96,pocketsphinx_forced,36
-MeTTeMJBNc__0,16,the,6.96,7.02,pocketsphinx_forced,37
-MeTTeMJBNc__0,17,presentation,7.02,7.89,pocketsphinx_forced,40
-MeTTeMJBNc__0,18,of,7.89,8.04,pocketsphinx_forced,42
-MeTTeMJBNc__0,19,the,8.04,8.13,pocketsphinx_forced,43
-MeTTeMJBNc__0,20,gift,8.13,8.73,pocketsphinx_forced,45
-MeTTeMJBNc__13,0,It,0.0,0.57,pocketsphinx_forced,2
-MeTTeMJBNc__13,1,just,1.01,1.41,pocketsphinx_forced,11
-MeTTeMJBNc__13,2,needs,1.41,1.68,pocketsphinx_forced,14
-MeTTeMJBNc__13,3,to,1.68,1.79,pocketsphinx_forced,15
-MeTTeMJBNc__13,4,be,1.79,1.96,pocketsphinx_forced,17
-MeTTeMJBNc__13,5,a,1.96,2.02,pocketsphinx_forced,18
-MeTTeMJBNc__13,6,simple,2.02,2.55,pocketsphinx_forced,21
-MeTTeMJBNc__13,7,statement,2.55,3.54,pocketsphinx_forced,28
-MeTTeMJBNc__13,8,and,3.54,3.68,pocketsphinx_forced,33
-MeTTeMJBNc__13,9,then,3.68,3.8,pocketsphinx_forced,34
-MeTTeMJBNc__13,10,you,3.8,3.89,pocketsphinx_forced,35
-MeTTeMJBNc__13,11,present,3.89,4.38,pocketsphinx_forced,38
-MeTTeMJBNc__13,12,the,4.38,4.44,pocketsphinx_forced,40
-MeTTeMJBNc__13,13,gift,4.44,5.0,pocketsphinx_forced,43
-MeTTeMJBNc__7,0,Maybe,0.49,0.81,pocketsphinx_forced,3
-MeTTeMJBNc__7,1,you,0.81,0.91,pocketsphinx_forced,4
-MeTTeMJBNc__7,2,could,0.91,1.22,pocketsphinx_forced,5
-MeTTeMJBNc__7,3,find,1.22,1.89,pocketsphinx_forced,7
-MeTTeMJBNc__7,4,a,1.89,1.98,pocketsphinx_forced,9
-MeTTeMJBNc__7,5,picture,1.98,2.43,pocketsphinx_forced,10
-MeTTeMJBNc__7,6,of,2.43,2.54,pocketsphinx_forced,11
-MeTTeMJBNc__7,7,the,2.54,2.62,pocketsphinx_forced,12
-MeTTeMJBNc__7,8,couple,2.62,3.07,pocketsphinx_forced,13
-MeTTeMJBNc__7,9,from,3.07,3.69,pocketsphinx_forced,16
-MeTTeMJBNc__7,10,their,3.69,3.84,pocketsphinx_forced,17
-MeTTeMJBNc__7,11,wedding,3.84,4.47,pocketsphinx_forced,19
-MeTTeMJBNc__7,12,or,4.47,4.82,pocketsphinx_forced,22
-MeTTeMJBNc__7,13,sometime,4.82,5.35,pocketsphinx_forced,24
-MeTTeMJBNc__7,14,in,5.35,5.46,pocketsphinx_forced,25
-MeTTeMJBNc__7,15,their,5.46,5.61,pocketsphinx_forced,26
-MeTTeMJBNc__7,16,life,5.61,6.13,pocketsphinx_forced,27
-MeTTeMJBNc__7,17,or,6.13,6.2,pocketsphinx_forced,29
-MeTTeMJBNc__7,18,maybe,6.2,6.52,pocketsphinx_forced,30
-MeTTeMJBNc__7,19,even,6.52,6.73,pocketsphinx_forced,31
-MeTTeMJBNc__7,20,a,6.73,6.8,pocketsphinx_forced,32
-MeTTeMJBNc__7,21,current,6.8,7.32,pocketsphinx_forced,33
-MeTTeMJBNc__7,22,picture,7.32,7.91,pocketsphinx_forced,36
-MeTTeMJBNc__7,23,and,8.14,8.28,pocketsphinx_forced,39
-MeTTeMJBNc__7,24,have,8.28,8.43,pocketsphinx_forced,39
-MeTTeMJBNc__7,25,it,8.43,8.54,pocketsphinx_forced,40
-MeTTeMJBNc__7,26,put,8.54,8.75,pocketsphinx_forced,41
-MeTTeMJBNc__7,27,in,8.75,8.81,pocketsphinx_forced,41
-MeTTeMJBNc__7,28,a,8.81,8.86,pocketsphinx_forced,41
-MeTTeMJBNc__7,29,beautiful,8.86,9.3,pocketsphinx_forced,43
-MeTTeMJBNc__7,30,frame,9.3,9.85,pocketsphinx_forced,45
-RfYyzHpjk4__11,0,So,0.47,1.21,pocketsphinx_forced,8
-RfYyzHpjk4__11,1,get,1.21,1.51,pocketsphinx_forced,12
-RfYyzHpjk4__11,2,your,1.51,1.6,pocketsphinx_forced,14
-RfYyzHpjk4__11,3,friends,1.6,1.87,pocketsphinx_forced,16
-RfYyzHpjk4__11,4,lined,1.87,2.16,pocketsphinx_forced,19
-RfYyzHpjk4__11,5,up,2.16,2.35,pocketsphinx_forced,21
-RfYyzHpjk4__11,6,get,2.35,2.57,pocketsphinx_forced,23
-RfYyzHpjk4__11,7,your,2.57,2.66,pocketsphinx_forced,24
-RfYyzHpjk4__11,8,business,2.66,2.93,pocketsphinx_forced,26
-RfYyzHpjk4__11,9,colleagues,2.93,3.31,pocketsphinx_forced,29
-RfYyzHpjk4__11,10,lined,3.31,3.59,pocketsphinx_forced,32
-RfYyzHpjk4__11,11,up,3.59,3.77,pocketsphinx_forced,35
-RfYyzHpjk4__11,12,and,3.77,3.86,pocketsphinx_forced,36
-RfYyzHpjk4__11,13,have,3.86,4.02,pocketsphinx_forced,37
-RfYyzHpjk4__11,14,a,4.02,4.07,pocketsphinx_forced,38
-RfYyzHpjk4__11,15,good,4.07,4.25,pocketsphinx_forced,39
-RfYyzHpjk4__11,16,time,4.25,4.53,pocketsphinx_forced,41
-RfYyzHpjk4__8,0,It's,0.41,0.59,pocketsphinx_forced,5
-RfYyzHpjk4__8,1,pretty,0.59,0.97,pocketsphinx_forced,8
-RfYyzHpjk4__8,2,pretty,0.97,1.35,pocketsphinx_forced,12
-RfYyzHpjk4__8,3,easy,1.35,1.55,pocketsphinx_forced,15
-RfYyzHpjk4__8,4,to,1.55,1.63,pocketsphinx_forced,17
-RfYyzHpjk4__8,5,do,1.63,1.9,pocketsphinx_forced,19
-RfYyzHpjk4__8,6,but,1.9,2.04,pocketsphinx_forced,21
-RfYyzHpjk4__8,7,you,2.04,2.13,pocketsphinx_forced,22
-RfYyzHpjk4__8,8,got,2.13,2.36,pocketsphinx_forced,24
-RfYyzHpjk4__8,9,to,2.36,2.42,pocketsphinx_forced,26
-RfYyzHpjk4__8,10,set,2.42,2.64,pocketsphinx_forced,27
-RfYyzHpjk4__8,11,up,2.64,2.8,pocketsphinx_forced,29
-RfYyzHpjk4__8,12,those,2.8,3.01,pocketsphinx_forced,31
-RfYyzHpjk4__8,13,numbers,3.01,3.32,pocketsphinx_forced,34
-RfYyzHpjk4__8,14,ahead,3.32,3.56,pocketsphinx_forced,37
-RfYyzHpjk4__8,15,of,3.56,3.65,pocketsphinx_forced,39
-RfYyzHpjk4__8,16,time,3.65,3.98,pocketsphinx_forced,41
-RfYyzHpjk4__2,0,You,0.46,0.58,pocketsphinx_forced,4
-RfYyzHpjk4__2,1,can,0.58,0.72,pocketsphinx_forced,5
-RfYyzHpjk4__2,2,make,0.72,0.9,pocketsphinx_forced,7
-RfYyzHpjk4__2,3,a,0.9,0.94,pocketsphinx_forced,8
-RfYyzHpjk4__2,4,conference,0.94,1.33,pocketsphinx_forced,10
-RfYyzHpjk4__2,5,call,1.33,1.55,pocketsphinx_forced,13
-RfYyzHpjk4__2,6,but,1.55,1.65,pocketsphinx_forced,14
-RfYyzHpjk4__2,7,it,1.65,1.73,pocketsphinx_forced,15
-RfYyzHpjk4__2,8,takes,1.73,1.96,pocketsphinx_forced,16
-RfYyzHpjk4__2,9,quite,1.96,2.23,pocketsphinx_forced,18
-RfYyzHpjk4__2,10,a,2.23,2.29,pocketsphinx_forced,20
-RfYyzHpjk4__2,11,bit,2.29,2.44,pocketsphinx_forced,21
-RfYyzHpjk4__2,12,of,2.44,2.52,pocketsphinx_forced,22
-RfYyzHpjk4__2,13,planning,2.52,2.84,pocketsphinx_forced,24
-RfYyzHpjk4__2,14,well,2.84,2.93,pocketsphinx_forced,26
-RfYyzHpjk4__2,15,not,2.93,3.06,pocketsphinx_forced,27
-RfYyzHpjk4__2,16,a,3.06,3.09,pocketsphinx_forced,27
-RfYyzHpjk4__2,17,lot,3.09,3.33,pocketsphinx_forced,29
-RfYyzHpjk4__2,18,of,3.33,3.39,pocketsphinx_forced,30
-RfYyzHpjk4__2,19,planning,3.39,3.77,pocketsphinx_forced,32
-RfYyzHpjk4__2,20,it's,3.77,3.9,pocketsphinx_forced,34
-RfYyzHpjk4__2,21,pretty,3.9,4.27,pocketsphinx_forced,37
-RfYyzHpjk4__2,22,easy,4.27,4.46,pocketsphinx_forced,39
-RfYyzHpjk4__2,23,to,4.46,4.56,pocketsphinx_forced,40
-RfYyzHpjk4__2,24,do,4.56,4.86,pocketsphinx_forced,42
-UUCSKoHeMA__0,0,I,1.35,1.56,pocketsphinx_forced,9
-UUCSKoHeMA__0,1,mentioned,1.56,2.02,pocketsphinx_forced,11
-UUCSKoHeMA__0,2,a,2.02,2.07,pocketsphinx_forced,13
-UUCSKoHeMA__0,3,word,2.07,2.52,pocketsphinx_forced,14
-UUCSKoHeMA__0,4,in,2.52,2.76,pocketsphinx_forced,16
-UUCSKoHeMA__0,5,the,2.76,2.85,pocketsphinx_forced,17
-UUCSKoHeMA__0,6,last,2.85,3.27,pocketsphinx_forced,19
-UUCSKoHeMA__0,7,clip,3.27,3.7,pocketsphinx_forced,22
-UUCSKoHeMA__0,8,called,3.7,4.11,pocketsphinx_forced,25
-UUCSKoHeMA__0,9,monotone,4.11,5.08,pocketsphinx_forced,29
-UUCSKoHeMA__0,10,and,5.41,5.57,pocketsphinx_forced,35
-UUCSKoHeMA__0,11,I,5.57,5.64,pocketsphinx_forced,35
-UUCSKoHeMA__0,12,want,5.64,5.78,pocketsphinx_forced,36
-UUCSKoHeMA__0,13,to,5.78,5.84,pocketsphinx_forced,37
-UUCSKoHeMA__0,14,talk,5.84,6.14,pocketsphinx_forced,38
-UUCSKoHeMA__0,15,about,6.14,6.46,pocketsphinx_forced,40
-UUCSKoHeMA__0,16,that,6.46,6.66,pocketsphinx_forced,42
-UUCSKoHeMA__0,17,briefly,6.66,7.25,pocketsphinx_forced,44
-ri04Z7vwnc__0,0,going,0.1686,0.2248,vad_orthographic_fallback,3
-ri04Z7vwnc__0,1,to,0.3934,0.4496,vad_orthographic_fallback,7
-ri04Z7vwnc__0,2,get,0.562,0.6182,vad_orthographic_fallback,10
-ri04Z7vwnc__0,3,married,1.1802,1.2364,vad_orthographic_fallback,21
-ri04Z7vwnc__0,4,or,1.5174,1.5736,vad_orthographic_fallback,27
-ri04Z7vwnc__0,5,are,1.686,1.7422,vad_orthographic_fallback,30
-ri04Z7vwnc__0,6,already,2.0232,2.0794,vad_orthographic_fallback,36
-ri04Z7vwnc__0,7,married,2.529,2.5852,vad_orthographic_fallback,45
-ri04Z7vwnc__2,0,most,0.1206,0.2412,vad_orthographic_fallback,1
-ri04Z7vwnc__2,1,people,0.3618,0.4824,vad_orthographic_fallback,3
-ri04Z7vwnc__2,2,think,0.7236,0.8442,vad_orthographic_fallback,6
-ri04Z7vwnc__2,3,it'll,1.0854,1.206,vad_orthographic_fallback,9
-ri04Z7vwnc__2,4,sort,1.3266,1.4472,vad_orthographic_fallback,11
-ri04Z7vwnc__2,5,itself,1.6884,1.809,vad_orthographic_fallback,14
-ri04Z7vwnc__2,6,out,1.9296,2.0502,vad_orthographic_fallback,16
-ri04Z7vwnc__2,7,we'll,2.1708,2.2914,vad_orthographic_fallback,18
-ri04Z7vwnc__2,8,discuss,2.5326,2.6532,vad_orthographic_fallback,21
-ri04Z7vwnc__2,9,it,2.8944,3.015,vad_orthographic_fallback,24
-ri04Z7vwnc__2,10,later,3.015,3.1356,vad_orthographic_fallback,25
-ri04Z7vwnc__2,11,it's,3.3768,3.4974,vad_orthographic_fallback,28
-ri04Z7vwnc__2,12,not,3.4974,3.618,vad_orthographic_fallback,29
-ri04Z7vwnc__2,13,something,3.9798,4.1004,vad_orthographic_fallback,33
-ri04Z7vwnc__2,14,too,4.3416,4.4622,vad_orthographic_fallback,36
-ri04Z7vwnc__2,15,important,5.0652,5.1858,vad_orthographic_fallback,42
-ri04Z7vwnc__5,0,So,0.41,0.64,pocketsphinx_forced,7
-ri04Z7vwnc__5,1,I,0.64,0.72,pocketsphinx_forced,9
-ri04Z7vwnc__5,2,think,0.72,0.89,pocketsphinx_forced,11
-ri04Z7vwnc__5,3,it's,0.89,1.01,pocketsphinx_forced,13
-ri04Z7vwnc__5,4,important,1.01,1.85,pocketsphinx_forced,20
-ri04Z7vwnc__5,5,to,1.85,2.28,pocketsphinx_forced,29
-ri04Z7vwnc__5,6,discuss,2.28,2.48,pocketsphinx_forced,33
-ri04Z7vwnc__5,7,finances,2.48,3.44,pocketsphinx_forced,41
-s9qJ7ATP7w__1,0,But,0.52,0.8,pocketsphinx_forced,6
-s9qJ7ATP7w__1,1,the,0.8,1.01,pocketsphinx_forced,9
-s9qJ7ATP7w__1,2,hardest,1.39,1.75,pocketsphinx_forced,16
-s9qJ7ATP7w__1,3,thing,1.75,1.89,pocketsphinx_forced,18
-s9qJ7ATP7w__1,4,in,1.89,1.98,pocketsphinx_forced,20
-s9qJ7ATP7w__1,5,life,1.98,2.14,pocketsphinx_forced,21
-s9qJ7ATP7w__1,6,to,2.14,2.25,pocketsphinx_forced,22
-s9qJ7ATP7w__1,7,learn,2.25,2.57,pocketsphinx_forced,25
-s9qJ7ATP7w__1,8,is,3.06,3.21,pocketsphinx_forced,32
-s9qJ7ATP7w__1,9,to,3.21,3.32,pocketsphinx_forced,34
-s9qJ7ATP7w__1,10,lose,3.32,3.7,pocketsphinx_forced,36
-s9qJ7ATP7w__0,0,they,0.0,0.11,pocketsphinx_forced,0
-s9qJ7ATP7w__0,1,have,0.11,0.29,pocketsphinx_forced,1
-s9qJ7ATP7w__0,2,doubt,0.29,0.67,pocketsphinx_forced,3
-s9qJ7ATP7w__0,3,they,0.67,0.77,pocketsphinx_forced,5
-s9qJ7ATP7w__0,4,have,0.77,0.94,pocketsphinx_forced,6
-s9qJ7ATP7w__0,5,fear,0.94,1.43,pocketsphinx_forced,8
-s9qJ7ATP7w__0,6,they,1.71,1.8,pocketsphinx_forced,12
-s9qJ7ATP7w__0,7,lose,1.8,2.13,pocketsphinx_forced,14
-s9qJ7ATP7w__0,8,in,2.13,2.22,pocketsphinx_forced,15
-s9qJ7ATP7w__0,9,a,2.22,2.26,pocketsphinx_forced,16
-s9qJ7ATP7w__0,10,Ferrari,2.26,2.76,pocketsphinx_forced,18
-s9qJ7ATP7w__0,11,race,2.76,3.12,pocketsphinx_forced,21
-s9qJ7ATP7w__0,12,or,3.12,3.22,pocketsphinx_forced,23
-s9qJ7ATP7w__0,13,they,3.22,3.29,pocketsphinx_forced,23
-s9qJ7ATP7w__0,14,lose,3.29,3.74,pocketsphinx_forced,25
-s9qJ7ATP7w__0,15,in,3.74,3.88,pocketsphinx_forced,28
-s9qJ7ATP7w__0,16,a,3.88,4.25,pocketsphinx_forced,29
-s9qJ7ATP7w__0,17,race,4.44,4.88,pocketsphinx_forced,34
-s9qJ7ATP7w__0,18,and,5.18,5.28,pocketsphinx_forced,38
-s9qJ7ATP7w__0,19,then,5.28,5.41,pocketsphinx_forced,39
-s9qJ7ATP7w__0,20,they,5.41,5.51,pocketsphinx_forced,40
-s9qJ7ATP7w__0,21,just,5.51,5.74,pocketsphinx_forced,41
-s9qJ7ATP7w__0,22,give,5.74,5.93,pocketsphinx_forced,42
-s9qJ7ATP7w__0,23,up,5.93,6.71,pocketsphinx_forced,46
-s9qJ7ATP7w__5,0,I,0.36,0.39,pocketsphinx_forced,2
-s9qJ7ATP7w__5,1,have,0.39,0.77,pocketsphinx_forced,3
-s9qJ7ATP7w__5,2,been,1.37,1.62,pocketsphinx_forced,8
-s9qJ7ATP7w__5,3,beat,1.62,2.02,pocketsphinx_forced,10
-s9qJ7ATP7w__5,4,up,2.02,2.48,pocketsphinx_forced,13
-s9qJ7ATP7w__5,5,and,2.48,2.68,pocketsphinx_forced,15
-s9qJ7ATP7w__5,6,put,2.68,3.04,pocketsphinx_forced,16
-s9qJ7ATP7w__5,7,down,3.04,3.71,pocketsphinx_forced,19
-s9qJ7ATP7w__5,8,and,3.71,4.06,pocketsphinx_forced,22
-s9qJ7ATP7w__5,9,everything,4.8,5.25,pocketsphinx_forced,29
-s9qJ7ATP7w__5,10,that,5.25,5.39,pocketsphinx_forced,31
-s9qJ7ATP7w__5,11,can,5.39,5.55,pocketsphinx_forced,31
-s9qJ7ATP7w__5,12,go,5.55,5.83,pocketsphinx_forced,33
-s9qJ7ATP7w__5,13,wrong,5.83,6.34,pocketsphinx_forced,35
-s9qJ7ATP7w__5,14,has,6.67,6.84,pocketsphinx_forced,39
-s9qJ7ATP7w__5,15,gone,6.84,7.07,pocketsphinx_forced,40
-s9qJ7ATP7w__5,16,wrong,7.07,7.4,pocketsphinx_forced,42
-s9qJ7ATP7w__5,17,for,7.4,7.66,pocketsphinx_forced,43
-s9qJ7ATP7w__5,18,me,7.66,7.87,pocketsphinx_forced,45
-s9qJ7ATP7w__4,0,I,0.57,0.67,pocketsphinx_forced,6
-s9qJ7ATP7w__4,1,have,0.67,0.86,pocketsphinx_forced,8
-s9qJ7ATP7w__4,2,lost,0.86,1.26,pocketsphinx_forced,11
-s9qJ7ATP7w__4,3,at,1.26,1.57,pocketsphinx_forced,15
-s9qJ7ATP7w__4,4,everything,1.57,2.11,pocketsphinx_forced,20
-s9qJ7ATP7w__4,5,you,2.11,2.25,pocketsphinx_forced,24
-s9qJ7ATP7w__4,6,can,2.25,2.4,pocketsphinx_forced,26
-s9qJ7ATP7w__4,7,imagine,2.4,2.89,pocketsphinx_forced,29
-s9qJ7ATP7w__4,8,seriously,2.89,3.71,pocketsphinx_forced,37
-s9qJ7ATP7w__7,0,I,0.54,0.61,pocketsphinx_forced,4
-s9qJ7ATP7w__7,1,used,0.61,0.77,pocketsphinx_forced,4
-s9qJ7ATP7w__7,2,to,0.77,0.83,pocketsphinx_forced,5
-s9qJ7ATP7w__7,3,work,0.83,0.99,pocketsphinx_forced,6
-s9qJ7ATP7w__7,4,for,0.99,1.1,pocketsphinx_forced,7
-s9qJ7ATP7w__7,5,Warren,1.1,1.38,pocketsphinx_forced,8
-s9qJ7ATP7w__7,6,Avis,1.38,1.75,pocketsphinx_forced,11
-s9qJ7ATP7w__7,7,the,1.75,1.96,pocketsphinx_forced,13
-s9qJ7ATP7w__7,8,guy,1.96,2.14,pocketsphinx_forced,14
-s9qJ7ATP7w__7,9,who,2.14,2.21,pocketsphinx_forced,15
-s9qJ7ATP7w__7,10,started,2.21,2.55,pocketsphinx_forced,17
-s9qJ7ATP7w__7,11,Avis,2.55,2.73,pocketsphinx_forced,18
-s9qJ7ATP7w__7,12,Rent,2.73,2.94,pocketsphinx_forced,20
-s9qJ7ATP7w__7,13,a,2.94,2.97,pocketsphinx_forced,21
-s9qJ7ATP7w__7,14,Car,2.97,3.18,pocketsphinx_forced,22
-s9qJ7ATP7w__7,15,and,3.18,3.27,pocketsphinx_forced,23
-s9qJ7ATP7w__7,16,he,3.27,3.36,pocketsphinx_forced,23
-s9qJ7ATP7w__7,17,said,3.36,3.56,pocketsphinx_forced,24
-s9qJ7ATP7w__7,18,to,3.56,3.68,pocketsphinx_forced,25
-s9qJ7ATP7w__7,19,me,3.68,3.76,pocketsphinx_forced,26
-s9qJ7ATP7w__7,20,one,3.76,3.97,pocketsphinx_forced,27
-s9qJ7ATP7w__7,21,day,3.97,4.31,pocketsphinx_forced,29
-s9qJ7ATP7w__7,22,Robert,4.78,5.13,pocketsphinx_forced,35
-s9qJ7ATP7w__7,23,what's,5.13,5.33,pocketsphinx_forced,37
-s9qJ7ATP7w__7,24,the,5.33,5.42,pocketsphinx_forced,38
-s9qJ7ATP7w__7,25,purpose,5.42,5.82,pocketsphinx_forced,40
-s9qJ7ATP7w__7,26,of,5.82,5.93,pocketsphinx_forced,42
-s9qJ7ATP7w__7,27,business,5.93,6.66,pocketsphinx_forced,45
-s9qJ7ATP7w__6,0,But,0.54,0.91,pocketsphinx_forced,14
-s9qJ7ATP7w__6,1,I,0.91,1.02,pocketsphinx_forced,19
-s9qJ7ATP7w__6,2,just,1.26,1.45,pocketsphinx_forced,27
-s9qJ7ATP7w__6,3,kept,1.45,1.61,pocketsphinx_forced,30
-s9qJ7ATP7w__6,4,going,1.61,1.82,pocketsphinx_forced,34
-s9qJ7ATP7w__8,0,And,0.0,0.61,pocketsphinx_forced,4
-s9qJ7ATP7w__8,1,I,0.61,0.69,pocketsphinx_forced,9
-s9qJ7ATP7w__8,2,said,0.69,0.91,pocketsphinx_forced,12
-s9qJ7ATP7w__8,3,Oh,0.91,1.08,pocketsphinx_forced,15
-s9qJ7ATP7w__8,4,make,1.08,1.3,pocketsphinx_forced,18
-s9qJ7ATP7w__8,5,a,1.3,1.36,pocketsphinx_forced,20
-s9qJ7ATP7w__8,6,profit,1.36,1.87,pocketsphinx_forced,24
-s9qJ7ATP7w__8,7,and,1.87,1.96,pocketsphinx_forced,29
-s9qJ7ATP7w__8,8,all,1.96,2.04,pocketsphinx_forced,30
-s9qJ7ATP7w__8,9,these,2.04,2.2,pocketsphinx_forced,32
-s9qJ7ATP7w__8,10,other,2.2,2.38,pocketsphinx_forced,34
-s9qJ7ATP7w__8,11,things,2.38,2.93,pocketsphinx_forced,40
-yRb-Jum7EQ__1,0,it,0.5858,1.1716,vad_orthographic_fallback,1
-yRb-Jum7EQ__1,1,comes,0.5858,1.1716,vad_orthographic_fallback,1
-yRb-Jum7EQ__1,2,with,1.7574,2.3432,vad_orthographic_fallback,3
-yRb-Jum7EQ__1,3,the,1.7574,2.3432,vad_orthographic_fallback,3
-yRb-Jum7EQ__1,4,assistance,2.3432,2.929,vad_orthographic_fallback,4
-yRb-Jum7EQ__1,5,and,2.929,3.5148,vad_orthographic_fallback,5
-yRb-Jum7EQ__1,6,agitation,3.5148,4.1006,vad_orthographic_fallback,6
-yRb-Jum7EQ__1,7,of,3.5148,4.1006,vad_orthographic_fallback,6
-yRb-Jum7EQ__1,8,states,5.2722,5.858,vad_orthographic_fallback,9
-yRb-Jum7EQ__1,9,and,6.4438,7.0296,vad_orthographic_fallback,11
-yRb-Jum7EQ__1,10,regimes,6.4438,7.0296,vad_orthographic_fallback,11
-yRb-Jum7EQ__1,11,Yesterday,7.6154,8.2012,vad_orthographic_fallback,13
-yRb-Jum7EQ__1,12,Iran,8.2012,8.787,vad_orthographic_fallback,14
-yRb-Jum7EQ__1,13,announced,9.3728,9.9586,vad_orthographic_fallback,16
-yRb-Jum7EQ__1,14,that,9.9586,10.5444,vad_orthographic_fallback,17
-yRb-Jum7EQ__1,15,it,9.9586,10.5444,vad_orthographic_fallback,17
-yRb-Jum7EQ__1,16,will,11.1302,11.716,vad_orthographic_fallback,19
-yRb-Jum7EQ__1,17,finance,11.1302,11.716,vad_orthographic_fallback,19
-yRb-Jum7EQ__1,18,the,11.716,12.3018,vad_orthographic_fallback,20
-yRb-Jum7EQ__1,19,families,12.3018,12.8876,vad_orthographic_fallback,21
-yRb-Jum7EQ__1,20,of,12.3018,12.8876,vad_orthographic_fallback,21
-yRb-Jum7EQ__1,21,the,13.4734,14.0592,vad_orthographic_fallback,23
-yRb-Jum7EQ__1,22,terrorists,14.0592,14.645,vad_orthographic_fallback,24
-yRb-Jum7EQ__1,23,and,14.0592,14.645,vad_orthographic_fallback,24
-yRb-Jum7EQ__1,24,murderers,14.645,15.2308,vad_orthographic_fallback,25
-yRb-Jum7EQ__1,25,this,15.2308,15.8166,vad_orthographic_fallback,26
-yRb-Jum7EQ__1,26,shows,15.8166,16.4024,vad_orthographic_fallback,27
-yRb-Jum7EQ__1,27,that,15.8166,16.4024,vad_orthographic_fallback,27
-yRb-Jum7EQ__1,28,Iran,16.4024,16.9882,vad_orthographic_fallback,28
-yRb-Jum7EQ__1,29,even,16.4024,16.9882,vad_orthographic_fallback,28
-yRb-Jum7EQ__1,30,after,17.574,18.1598,vad_orthographic_fallback,30
-yRb-Jum7EQ__1,31,the,17.574,18.1598,vad_orthographic_fallback,30
-yRb-Jum7EQ__1,32,nuclear,18.1598,18.7456,vad_orthographic_fallback,31
-yRb-Jum7EQ__1,33,agreement,18.7456,19.3314,vad_orthographic_fallback,32
-yRb-Jum7EQ__1,34,is,19.3314,19.9172,vad_orthographic_fallback,33
-yRb-Jum7EQ__1,35,continuing,20.503,21.0888,vad_orthographic_fallback,35
-yRb-Jum7EQ__1,36,to,21.6746,22.2604,vad_orthographic_fallback,37
-yRb-Jum7EQ__1,37,aid,21.6746,22.2604,vad_orthographic_fallback,37
-yRb-Jum7EQ__1,38,terrorism,22.2604,22.8462,vad_orthographic_fallback,38
-yRb-Jum7EQ__1,39,including,22.8462,23.432,vad_orthographic_fallback,39
-yRb-Jum7EQ__1,40,Palestinian,23.432,24.0178,vad_orthographic_fallback,40
-yRb-Jum7EQ__1,41,terrorism,24.0178,24.6036,vad_orthographic_fallback,41
-yRb-Jum7EQ__1,42,Hezbollah,25.1894,25.7752,vad_orthographic_fallback,43
-yRb-Jum7EQ__1,43,terrorism,25.7752,26.361,vad_orthographic_fallback,44
-yRb-Jum7EQ__1,44,and,26.9468,27.5326,vad_orthographic_fallback,46
-yRb-Jum7EQ__1,45,its,26.9468,27.5326,vad_orthographic_fallback,46
-yRb-Jum7EQ__1,46,assistance,27.5326,28.1184,vad_orthographic_fallback,47
-yRb-Jum7EQ__1,47,to,28.1184,28.7042,vad_orthographic_fallback,48
-yRb-Jum7EQ__1,48,Hamas,28.1184,28.7042,vad_orthographic_fallback,48
-yRb-Jum7EQ__5,0,Yesterday,0.2634,0.5268,vad_orthographic_fallback,1
-yRb-Jum7EQ__5,1,Eliav,0.7902,1.0536,vad_orthographic_fallback,3
-yRb-Jum7EQ__5,2,Gelman,1.0536,1.317,vad_orthographic_fallback,4
-yRb-Jum7EQ__5,3,lost,2.634,2.8974,vad_orthographic_fallback,10
-yRb-Jum7EQ__5,4,his,2.8974,3.1608,vad_orthographic_fallback,11
-yRb-Jum7EQ__5,5,life,3.1608,3.4242,vad_orthographic_fallback,12
-yRb-Jum7EQ__5,6,in,3.4242,3.6876,vad_orthographic_fallback,13
-yRb-Jum7EQ__5,7,another,3.6876,3.951,vad_orthographic_fallback,14
-yRb-Jum7EQ__5,8,terrorist,4.2144,4.4778,vad_orthographic_fallback,16
-yRb-Jum7EQ__5,9,attack,5.268,5.5314,vad_orthographic_fallback,20
-yRb-Jum7EQ__5,10,not,5.5314,5.7948,vad_orthographic_fallback,21
-yRb-Jum7EQ__5,11,by,6.0582,6.3216,vad_orthographic_fallback,23
-yRb-Jum7EQ__5,12,the,6.0582,6.3216,vad_orthographic_fallback,23
-yRb-Jum7EQ__5,13,students,7.3752,7.6386,vad_orthographic_fallback,28
-yRb-Jum7EQ__5,14,of,7.6386,7.902,vad_orthographic_fallback,29
-yRb-Jum7EQ__5,15,terrorism,8.1654,8.4288,vad_orthographic_fallback,31
-yRb-Jum7EQ__5,16,but,8.6922,8.9556,vad_orthographic_fallback,33
-yRb-Jum7EQ__5,17,by,8.6922,8.9556,vad_orthographic_fallback,33
-yRb-Jum7EQ__5,18,those,8.9556,9.219,vad_orthographic_fallback,34
-yRb-Jum7EQ__5,19,who,9.4824,9.7458,vad_orthographic_fallback,36
-yRb-Jum7EQ__5,20,teach,9.7458,10.0092,vad_orthographic_fallback,37
-yRb-Jum7EQ__5,21,terrorism,10.2726,10.536,vad_orthographic_fallback,39
-yRb-Jum7EQ__5,22,a,10.7994,11.0628,vad_orthographic_fallback,41
-yRb-Jum7EQ__5,23,Palestinian,11.3262,11.5896,vad_orthographic_fallback,43
-yRb-Jum7EQ__5,24,teacher,12.6432,12.9066,vad_orthographic_fallback,48
-yRb-Jum7EQ__6,0,Therefore,0.6746,0.8994,vad_orthographic_fallback,3
-yRb-Jum7EQ__6,1,the,0.8994,1.1243,vad_orthographic_fallback,4
-yRb-Jum7EQ__6,2,world,1.1243,1.3491,vad_orthographic_fallback,5
-yRb-Jum7EQ__6,3,needs,1.574,1.7988,vad_orthographic_fallback,7
-yRb-Jum7EQ__6,4,to,1.7988,2.0237,vad_orthographic_fallback,8
-yRb-Jum7EQ__6,5,stand,2.2485,2.4734,vad_orthographic_fallback,10
-yRb-Jum7EQ__6,6,with,2.4734,2.6982,vad_orthographic_fallback,11
-yRb-Jum7EQ__6,7,Israel,3.5976,3.8225,vad_orthographic_fallback,16
-yRb-Jum7EQ__6,8,against,4.0473,4.2722,vad_orthographic_fallback,18
-yRb-Jum7EQ__6,9,this,4.497,4.7219,vad_orthographic_fallback,20
-yRb-Jum7EQ__6,10,incitement,5.3964,5.6213,vad_orthographic_fallback,24
-yRb-Jum7EQ__6,11,which,5.8461,6.071,vad_orthographic_fallback,26
-yRb-Jum7EQ__6,12,is,6.071,6.2958,vad_orthographic_fallback,27
-yRb-Jum7EQ__6,13,the,6.071,6.2958,vad_orthographic_fallback,27
-yRb-Jum7EQ__6,14,number,6.7455,6.9704,vad_orthographic_fallback,30
-yRb-Jum7EQ__6,15,one,9.6686,9.8935,vad_orthographic_fallback,43
-yRb-Jum7EQ__6,16,cause,9.8935,10.1183,vad_orthographic_fallback,44
-yRb-Jum7EQ__6,17,of,10.3432,10.568,vad_orthographic_fallback,46
-yRb-Jum7EQ__6,18,terrorism,10.568,10.7929,vad_orthographic_fallback,47
